insert into spawn_location_name (id, name) values(133769427, 'QueensColony_ATaintedSapswillScout');
insert into spawn_location_entry (spawn_id, spawn_location_id, spawnpercentage) values(2530018, 133769427, 100);
insert into spawn_location_placement (zone_id, spawn_location_id, x, y, z, x_offset, y_offset, z_offset, heading, grid_id) values(253, 133769427, 226.274551, -4.530686, -6.810755, 0.000000, 0.000000, 0.000000, 214.703125, 1246288135);
INSERT INTO spawn_location_group (group_id, placement_id, name) SELECT IF(ISNULL(MAX(group_id))=1, 100000, MAX(group_id)+1), 1587819, 'QC050_01_ATaintedSapswillScout133769427' FROM spawn_location_group;
insert into spawn_location_name (id, name) values(133769428, 'QueensColony_AMorakDevourer');
insert into spawn_location_entry (spawn_id, spawn_location_id, spawnpercentage) values(2530015, 133769428, 100);
insert into spawn_location_placement (zone_id, spawn_location_id, x, y, z, x_offset, y_offset, z_offset, heading, grid_id) values(253, 133769428, 228.656372, -4.132893, -4.150948, 0.000000, 0.000000, 0.000000, 231.890625, 1246288135);
insert ignore into spawn_location_group (group_id, placement_id) values(1045136, 1587820);
insert into spawn_location_name (id, name) values(133769429, 'QueensColony_ATaintedSapswillFighter');
insert into spawn_location_entry (spawn_id, spawn_location_id, spawnpercentage) values(2530019, 133769429, 100);
insert into spawn_location_placement (zone_id, spawn_location_id, x, y, z, x_offset, y_offset, z_offset, heading, grid_id) values(253, 133769429, 240.064468, -3.879610, -11.979265, 0.000000, 0.000000, 0.000000, 47.906250, 1246288135);
INSERT INTO spawn_location_group (group_id, placement_id, name) SELECT IF(ISNULL(MAX(group_id))=1, 100000, MAX(group_id)+1), 1587821, 'QC050_02_ATaintedSapswillFighter133769429' FROM spawn_location_group;
insert into spawn_location_name (id, name) values(133769430, 'QueensColony_ADefiledMage');
insert into spawn_location_entry (spawn_id, spawn_location_id, spawnpercentage) values(2530030, 133769430, 100);
insert into spawn_location_placement (zone_id, spawn_location_id, x, y, z, x_offset, y_offset, z_offset, heading, grid_id) values(253, 133769430, 240.420578, -3.881323, -10.096971, 0.000000, 0.000000, 0.000000, 57.218750, 1246288135);
insert ignore into spawn_location_group (group_id, placement_id) values(1045137, 1587822);
insert into spawn_location_name (id, name) values(133769431, 'QueensColony_ATaintedSapswillScout');
insert into spawn_location_entry (spawn_id, spawn_location_id, spawnpercentage) values(2530018, 133769431, 100);
insert into spawn_location_placement (zone_id, spawn_location_id, x, y, z, x_offset, y_offset, z_offset, heading, grid_id) values(253, 133769431, 234.222137, -4.182895, -4.788333, 0.000000, 0.000000, 0.000000, 15.593750, 1246288135);
INSERT INTO spawn_location_group (group_id, placement_id, name) SELECT IF(ISNULL(MAX(group_id))=1, 100000, MAX(group_id)+1), 1587823, 'QC050_01_ATaintedSapswillScout133769431' FROM spawn_location_group;
insert into spawn_location_name (id, name) values(133769432, 'QueensColony_AMorakDevourer');
insert into spawn_location_entry (spawn_id, spawn_location_id, spawnpercentage) values(2530015, 133769432, 100);
insert into spawn_location_placement (zone_id, spawn_location_id, x, y, z, x_offset, y_offset, z_offset, heading, grid_id) values(253, 133769432, 234.390823, -4.083735, -4.192570, 0.000000, 0.000000, 0.000000, 15.578125, 1246288135);
insert ignore into spawn_location_group (group_id, placement_id) values(1045138, 0);
insert ignore into spawn_location_group (group_id, placement_id) values(1045138, 1587824);
