insert ignore into spawn_location_group (group_id, placement_id) values(1044932, 1587594);
insert ignore into spawn_location_group_associations (group_id1, group_id2) values(1044928, 1044927);
insert ignore into spawn_location_group_associations (group_id1, group_id2) values(1044929, 1044927);
insert ignore into spawn_location_group_associations (group_id1, group_id2) values(1044930, 1044927);
insert ignore into spawn_location_group_associations (group_id1, group_id2) values(1044931, 1044927);
insert ignore into spawn_location_group_associations (group_id1, group_id2) values(1044932, 1044927);
INSERT INTO spawn_location_group (group_id, placement_id, name) SELECT IF(ISNULL(MAX(group_id))=1, 100000, MAX(group_id)+1), 432995, 'QC032_02_ATaintedSapswillGrunt432995' FROM spawn_location_group;
insert into spawn_location_name (id, name) values(1587523, 'QueensColony_ATaintedSapswillGrunt');
insert into spawn_location_entry (spawn_id, spawn_location_id, spawnpercentage) values(2530090, 1587523, 100);
insert into spawn_location_placement (zone_id, spawn_location_id, x, y, z, x_offset, y_offset, z_offset, heading, grid_id) values(253, 1587523, 187.671066, -4.128632, 203.134842, 0.000000, 0.000000, 0.000000, 281.765625, 771354606);
insert into spawn_location_name (id, name) values(1587524, 'QueensColony_ATaintedSapswillGrunt');
insert into spawn_location_entry (spawn_id, spawn_location_id, spawnpercentage) values(2530090, 1587524, 100);
insert into spawn_location_placement (zone_id, spawn_location_id, x, y, z, x_offset, y_offset, z_offset, heading, grid_id) values(253, 1587524, 186.318329, -4.072477, 203.379471, 0.000000, 0.000000, 0.000000, 280.218750, 771354606);
insert into spawn_location_name (id, name) values(1587525, 'QueensColony_ATaintedSapswillGrunt');
insert into spawn_location_entry (spawn_id, spawn_location_id, spawnpercentage) values(2530090, 1587525, 100);
insert into spawn_location_placement (zone_id, spawn_location_id, x, y, z, x_offset, y_offset, z_offset, heading, grid_id) values(253, 1587525, 186.900574, -4.106427, 203.471664, 0.000000, 0.000000, 0.000000, 298.375000, 771354606);
update spawn_npcs, spawn set name='Zagokk Skinflayer', min_level=29, max_level=29, enc_level=9, race=12, model_type=124, class_=3, gender=1, show_name=1, attackable=1, show_level=1, targetable=1, show_command_icon=1, display_hand_icon=0, hair_type_id=1130, facial_hair_type_id=1177, wing_type_id=0, chest_type_id=5557, legs_type_id=5558, soga_hair_type_id=1130, soga_facial_hair_type_id=1177, soga_model_type=124, size=32, hp=436, heroic_flag=0, power=436, collision_radius=34, command_primary=13, command_secondary=1262, visual_state=0, action_state=0, mood_state=11857, initial_state=16512, activity_status=0, alignment=0, faction_id=0, hide_hood=0, emote_state=0, suffix ='', prefix='', last_name='' where spawn_npcs.spawn_id = spawn.id and spawn.id = 1280035;
insert into spawn_location_name (id, name) values(1587526, 'QueensColony_ATaintedSapswillGrunt');
insert into spawn_location_entry (spawn_id, spawn_location_id, spawnpercentage) values(2530090, 1587526, 100);
insert into spawn_location_placement (zone_id, spawn_location_id, x, y, z, x_offset, y_offset, z_offset, heading, grid_id) values(253, 1587526, 185.770157, -4.053556, 203.400482, 0.000000, 0.000000, 0.000000, 291.875000, 771354606);
update spawn_npcs, spawn set name='Kargh Tripeslicer', min_level=29, max_level=29, enc_level=9, race=12, model_type=124, class_=3, gender=1, show_name=1, attackable=1, show_level=1, targetable=1, show_command_icon=1, display_hand_icon=0, hair_type_id=1138, facial_hair_type_id=1175, wing_type_id=0, chest_type_id=5557, legs_type_id=5558, soga_hair_type_id=1138, soga_facial_hair_type_id=1175, soga_model_type=124, size=32, hp=436, heroic_flag=1, power=436, collision_radius=34, command_primary=13, command_secondary=1262, visual_state=0, action_state=0, mood_state=11857, initial_state=16512, activity_status=0, alignment=0, faction_id=0, hide_hood=0, emote_state=0, suffix ='', prefix='', last_name='' where spawn_npcs.spawn_id = spawn.id and spawn.id = 1280157;
insert into spawn_location_name (id, name) values(1587527, 'QueensColony_ATaintedSapswillGrunt');
insert into spawn_location_entry (spawn_id, spawn_location_id, spawnpercentage) values(2530090, 1587527, 100);
insert into spawn_location_placement (zone_id, spawn_location_id, x, y, z, x_offset, y_offset, z_offset, heading, grid_id) values(253, 1587527, 188.046997, -4.107745, 202.330017, 0.000000, 0.000000, 0.000000, 286.093750, 771354606);
insert into spawn_location_name (id, name) values(1587528, 'QueensColony_ATaintedSapswillGrunt');
insert into spawn_location_entry (spawn_id, spawn_location_id, spawnpercentage) values(2530090, 1587528, 100);
insert into spawn_location_placement (zone_id, spawn_location_id, x, y, z, x_offset, y_offset, z_offset, heading, grid_id) values(253, 1587528, 186.940170, -4.067702, 202.649399, 0.000000, 0.000000, 0.000000, 284.968750, 771354606);
insert ignore into spawn_location_group (group_id, placement_id) values(1044933, 432992);
INSERT INTO spawn_location_group (group_id, placement_id, name) SELECT IF(ISNULL(MAX(group_id))=1, 100000, MAX(group_id)+1), 432993, 'QC032_02_ATaintedSapswillGrunt432993' FROM spawn_location_group;
insert ignore into spawn_location_group (group_id, placement_id) values(1044934, 432990);
update spawn_npcs, spawn set name='a lifeless vagrant squatter', min_level=6, max_level=6, enc_level=5, race=9, model_type=132, class_=34, gender=2, show_name=1, attackable=0, show_level=0, targetable=1, show_command_icon=0, display_hand_icon=0, hair_type_id=1129, facial_hair_type_id=0, wing_type_id=0, chest_type_id=5529, legs_type_id=5530, soga_hair_type_id=1138, soga_facial_hair_type_id=0, soga_model_type=132, size=31, hp=61, heroic_flag=0, power=61, collision_radius=32, command_primary=0, command_secondary=0, visual_state=0, action_state=228, mood_state=0, initial_state=16512, activity_status=0, alignment=0, faction_id=0, hide_hood=0, emote_state=0, suffix ='', prefix='', last_name='' where spawn_npcs.spawn_id = spawn.id and spawn.id = 1270016;
INSERT INTO spawn_location_group (group_id, placement_id, name) SELECT IF(ISNULL(MAX(group_id))=1, 100000, MAX(group_id)+1), 1587598, 'QC032_02_ATaintedSapswillGrunt1587526' FROM spawn_location_group;
insert ignore into spawn_location_group (group_id, placement_id) values(1044935, 1587597);
INSERT INTO spawn_location_group (group_id, placement_id, name) SELECT IF(ISNULL(MAX(group_id))=1, 100000, MAX(group_id)+1), 1587595, 'QC032_02_ATaintedSapswillGrunt1587523' FROM spawn_location_group;
insert ignore into spawn_location_group (group_id, placement_id) values(1044936, 1587600);
INSERT INTO spawn_location_group (group_id, placement_id, name) SELECT IF(ISNULL(MAX(group_id))=1, 100000, MAX(group_id)+1), 1587599, 'QC032_02_ATaintedSapswillGrunt1587527' FROM spawn_location_group;
insert ignore into spawn_location_group (group_id, placement_id) values(1044937, 1587596);
insert ignore into spawn_location_group_associations (group_id1, group_id2) values(1044934, 1044933);
insert ignore into spawn_location_group_associations (group_id1, group_id2) values(1044935, 1044933);
insert ignore into spawn_location_group_associations (group_id1, group_id2) values(1044936, 1044933);
insert ignore into spawn_location_group_associations (group_id1, group_id2) values(1044937, 1044933);
