insert into spawn_location_name (id, name) values(1587517, 'QueensColony_ATaintedSapswillGrunt');
insert into spawn_location_entry (spawn_id, spawn_location_id, spawnpercentage) values(2530090, 1587517, 100);
insert into spawn_location_placement (zone_id, spawn_location_id, x, y, z, x_offset, y_offset, z_offset, heading, grid_id) values(253, 1587517, 178.568726, -4.088045, 208.235672, 0.000000, 0.000000, 0.000000, 244.609375, 771354606);
insert into spawn_location_name (id, name) values(1587518, 'QueensColony_ATaintedSapswillGrunt');
insert into spawn_location_entry (spawn_id, spawn_location_id, spawnpercentage) values(2530090, 1587518, 100);
insert into spawn_location_placement (zone_id, spawn_location_id, x, y, z, x_offset, y_offset, z_offset, heading, grid_id) values(253, 1587518, 177.768951, -4.038827, 207.181290, 0.000000, 0.000000, 0.000000, 237.062500, 771354606);
insert into spawn_location_name (id, name) values(1587519, 'QueensColony_ATaintedSapswillGrunt');
insert into spawn_location_entry (spawn_id, spawn_location_id, spawnpercentage) values(2530090, 1587519, 100);
insert into spawn_location_placement (zone_id, spawn_location_id, x, y, z, x_offset, y_offset, z_offset, heading, grid_id) values(253, 1587519, 178.664001, -4.105708, 208.599518, 0.000000, 0.000000, 0.000000, 248.859375, 771354606);
insert into spawn_location_name (id, name) values(1587520, 'QueensColony_ATaintedSapswillGrunt');
insert into spawn_location_entry (spawn_id, spawn_location_id, spawnpercentage) values(2530090, 1587520, 100);
insert into spawn_location_placement (zone_id, spawn_location_id, x, y, z, x_offset, y_offset, z_offset, heading, grid_id) values(253, 1587520, 176.766663, -4.071212, 207.838470, 0.000000, 0.000000, 0.000000, 250.718750, 771354606);
insert into spawn_location_name (id, name) values(1587521, 'QueensColony_ATaintedSapswillGrunt');
insert into spawn_location_entry (spawn_id, spawn_location_id, spawnpercentage) values(2530090, 1587521, 100);
insert into spawn_location_placement (zone_id, spawn_location_id, x, y, z, x_offset, y_offset, z_offset, heading, grid_id) values(253, 1587521, 177.890442, -4.090082, 208.205276, 0.000000, 0.000000, 0.000000, 249.578125, 771354606);
insert into spawn_location_name (id, name) values(1587522, 'QueensColony_ATaintedSapswillGrunt');
insert into spawn_location_entry (spawn_id, spawn_location_id, spawnpercentage) values(2530090, 1587522, 100);
insert into spawn_location_placement (zone_id, spawn_location_id, x, y, z, x_offset, y_offset, z_offset, heading, grid_id) values(253, 1587522, 181.319885, -3.966765, 204.519989, 0.000000, 0.000000, 0.000000, 237.609375, 771354606);
INSERT INTO spawn_location_group (group_id, placement_id, name) SELECT IF(ISNULL(MAX(group_id))=1, 100000, MAX(group_id)+1), 432987, 'QC032_01_ATaintedSapswillGrunt432987' FROM spawn_location_group;
insert ignore into spawn_location_group (group_id, placement_id) values(1044927, 432985);
INSERT INTO spawn_location_group (group_id, placement_id, name) SELECT IF(ISNULL(MAX(group_id))=1, 100000, MAX(group_id)+1), 432988, 'QC032_01_ATaintedSapswillGrunt432988' FROM spawn_location_group;
insert ignore into spawn_location_group (group_id, placement_id) values(1044928, 432994);
INSERT INTO spawn_location_group (group_id, placement_id, name) SELECT IF(ISNULL(MAX(group_id))=1, 100000, MAX(group_id)+1), 1587590, 'QC032_01_ATaintedSapswillGrunt1587518' FROM spawn_location_group;
insert ignore into spawn_location_group (group_id, placement_id) values(1044929, 1587591);
INSERT INTO spawn_location_group (group_id, placement_id, name) SELECT IF(ISNULL(MAX(group_id))=1, 100000, MAX(group_id)+1), 1584942, 'QC032_01_ATaintedSapswillGrunt1584924' FROM spawn_location_group;
insert ignore into spawn_location_group (group_id, placement_id) values(1044930, 1587592);
INSERT INTO spawn_location_group (group_id, placement_id, name) SELECT IF(ISNULL(MAX(group_id))=1, 100000, MAX(group_id)+1), 1587593, 'QC032_01_ATaintedSapswillGrunt1587521' FROM spawn_location_group;
insert ignore into spawn_location_group (group_id, placement_id) values(1044931, 1587589);
INSERT INTO spawn_location_group (group_id, placement_id, name) SELECT IF(ISNULL(MAX(group_id))=1, 100000, MAX(group_id)+1), 1584941, 'QC032_01_ATaintedSapswillGrunt1584923' FROM spawn_location_group;
