insert into spawn_location_name (id, name) values(1587569, 'QueensColony_AToxicCrawler');
insert into spawn_location_entry (spawn_id, spawn_location_id, spawnpercentage) values(2530201, 1587569, 100);
insert into spawn_location_placement (zone_id, spawn_location_id, x, y, z, x_offset, y_offset, z_offset, heading, grid_id) values(253, 1587569, 102.419815, 1.603515, 100.835510, 0.000000, 0.000000, 0.000000, 48.437500, 3146737430);
insert ignore into spawn_location_group (group_id, placement_id) values(1044994, 1587641);
insert into spawn_location_name (id, name) values(1587570, 'QueensColony_AToxicCrawler');
insert into spawn_location_entry (spawn_id, spawn_location_id, spawnpercentage) values(2530202, 1587570, 100);
insert into spawn_location_placement (zone_id, spawn_location_id, x, y, z, x_offset, y_offset, z_offset, heading, grid_id) values(253, 1587570, 102.791222, 1.602491, 99.907738, 0.000000, 0.000000, 0.000000, 55.328125, 3146737430);
INSERT INTO spawn_location_group (group_id, placement_id, name) SELECT IF(ISNULL(MAX(group_id))=1, 100000, MAX(group_id)+1), 1587642, 'QC036_01_AToxicCrawler1587570' FROM spawn_location_group;
insert into spawn_location_name (id, name) values(1587571, 'QueensColony_AToxicCrawler');
insert into spawn_location_entry (spawn_id, spawn_location_id, spawnpercentage) values(2530201, 1587571, 100);
insert into spawn_location_placement (zone_id, spawn_location_id, x, y, z, x_offset, y_offset, z_offset, heading, grid_id) values(253, 1587571, 103.511749, 1.599776, 100.190994, 0.000000, 0.000000, 0.000000, 50.453125, 3146737430);
insert ignore into spawn_location_group (group_id, placement_id) values(1044990, 1587643);
insert into spawn_location_name (id, name) values(1587572, 'QueensColony_AToxicCrawler');
insert into spawn_location_entry (spawn_id, spawn_location_id, spawnpercentage) values(2530201, 1587572, 100);
insert into spawn_location_placement (zone_id, spawn_location_id, x, y, z, x_offset, y_offset, z_offset, heading, grid_id) values(253, 1587572, 101.974007, 1.605610, 99.401711, 0.000000, 0.000000, 0.000000, 60.937500, 3146737430);
insert ignore into spawn_location_group (group_id, placement_id) values(1044995, 1587644);
insert ignore into spawn_location_group_associations (group_id1, group_id2) values(1044988, 1044987);
insert ignore into spawn_location_group_associations (group_id1, group_id2) values(1044989, 1044987);
insert ignore into spawn_location_group_associations (group_id1, group_id2) values(1044990, 1044987);
insert ignore into spawn_location_group_associations (group_id1, group_id2) values(1044991, 1044987);
insert ignore into spawn_location_group_associations (group_id1, group_id2) values(1044992, 1044987);
insert ignore into spawn_location_group_associations (group_id1, group_id2) values(1044993, 1044987);
insert ignore into spawn_location_group_associations (group_id1, group_id2) values(1044994, 1044987);
insert ignore into spawn_location_group_associations (group_id1, group_id2) values(1044995, 1044987);
insert ignore into spawn_location_group (group_id, placement_id) values(1044993, 1587640);
insert into spawn_location_name (id, name) values(1587573, 'QueensColony_AToxicCrawler');
insert into spawn_location_entry (spawn_id, spawn_location_id, spawnpercentage) values(2530201, 1587573, 100);
insert into spawn_location_placement (zone_id, spawn_location_id, x, y, z, x_offset, y_offset, z_offset, heading, grid_id) values(253, 1587573, 120.010742, 1.615940, 112.002419, 0.000000, 0.000000, 0.000000, 157.625000, 3146737430);
INSERT INTO spawn_location_group (group_id, placement_id, name) SELECT IF(ISNULL(MAX(group_id))=1, 100000, MAX(group_id)+1), 1587645, 'QC036_01_AToxicCrawler1587573' FROM spawn_location_group;
insert into spawn_location_name (id, name) values(1587574, 'QueensColony_AToxicCrawler');
insert into spawn_location_entry (spawn_id, spawn_location_id, spawnpercentage) values(2530201, 1587574, 100);
insert into spawn_location_placement (zone_id, spawn_location_id, x, y, z, x_offset, y_offset, z_offset, heading, grid_id) values(253, 1587574, 120.440941, 1.605146, 111.864502, 0.000000, 0.000000, 0.000000, 159.265625, 3146737430);
INSERT INTO spawn_location_group (group_id, placement_id, name) SELECT IF(ISNULL(MAX(group_id))=1, 100000, MAX(group_id)+1), 1587646, 'QC036_01_AToxicCrawler1587574' FROM spawn_location_group;
insert into spawn_location_name (id, name) values(1587575, 'QueensColony_AToxicCrawler');
insert into spawn_location_entry (spawn_id, spawn_location_id, spawnpercentage) values(2530202, 1587575, 100);
insert into spawn_location_placement (zone_id, spawn_location_id, x, y, z, x_offset, y_offset, z_offset, heading, grid_id) values(253, 1587575, 121.245979, 1.532473, 109.714928, 0.000000, 0.000000, 0.000000, 159.515625, 3146737430);
INSERT INTO spawn_location_group (group_id, placement_id, name) SELECT IF(ISNULL(MAX(group_id))=1, 100000, MAX(group_id)+1), 1587647, 'QC036_01_AToxicCrawler1587575' FROM spawn_location_group;
insert into spawn_location_name (id, name) values(1587576, 'QueensColony_AToxicCrawler');
insert into spawn_location_entry (spawn_id, spawn_location_id, spawnpercentage) values(2530202, 1587576, 100);
insert into spawn_location_placement (zone_id, spawn_location_id, x, y, z, x_offset, y_offset, z_offset, heading, grid_id) values(253, 1587576, 120.558624, 1.535014, 109.335884, 0.000000, 0.000000, 0.000000, 163.187500, 3146737430);
insert ignore into spawn_location_group (group_id, placement_id) values(1044996, 1587648);
insert into spawn_location_name (id, name) values(1587577, 'QueensColony_AToxicCrawler');
insert into spawn_location_entry (spawn_id, spawn_location_id, spawnpercentage) values(2530201, 1587577, 100);
insert into spawn_location_placement (zone_id, spawn_location_id, x, y, z, x_offset, y_offset, z_offset, heading, grid_id) values(253, 1587577, 119.592957, 1.538306, 110.590210, 0.000000, 0.000000, 0.000000, 158.484375, 3146737430);
INSERT INTO spawn_location_group (group_id, placement_id, name) SELECT IF(ISNULL(MAX(group_id))=1, 100000, MAX(group_id)+1), 1587649, 'QC036_01_AToxicCrawler1587577' FROM spawn_location_group;
insert into spawn_location_name (id, name) values(1587578, 'QueensColony_AToxicCrawler');
insert into spawn_location_entry (spawn_id, spawn_location_id, spawnpercentage) values(2530201, 1587578, 100);
insert into spawn_location_placement (zone_id, spawn_location_id, x, y, z, x_offset, y_offset, z_offset, heading, grid_id) values(253, 1587578, 120.335464, 1.535641, 110.253616, 0.000000, 0.000000, 0.000000, 160.968750, 3146737430);
insert ignore into spawn_location_group (group_id, placement_id) values(1044999, 1587650);
insert into spawn_location_name (id, name) values(1587579, 'QueensColony_AToxicCrawler');
insert into spawn_location_entry (spawn_id, spawn_location_id, spawnpercentage) values(2530201, 1587579, 100);
insert into spawn_location_placement (zone_id, spawn_location_id, x, y, z, x_offset, y_offset, z_offset, heading, grid_id) values(253, 1587579, 120.515518, 1.534912, 110.562012, 0.000000, 0.000000, 0.000000, 160.906250, 3146737430);
INSERT INTO spawn_location_group (group_id, placement_id, name) SELECT IF(ISNULL(MAX(group_id))=1, 100000, MAX(group_id)+1), 1587651, 'QC036_01_AToxicCrawler1587579' FROM spawn_location_group;
insert into spawn_location_name (id, name) values(1587580, 'QueensColony_AToxicCrawler');
insert into spawn_location_entry (spawn_id, spawn_location_id, spawnpercentage) values(2530201, 1587580, 100);
insert into spawn_location_placement (zone_id, spawn_location_id, x, y, z, x_offset, y_offset, z_offset, heading, grid_id) values(253, 1587580, 120.316780, 1.535767, 109.989792, 0.000000, 0.000000, 0.000000, 170.031250, 3146737430);
INSERT INTO spawn_location_group (group_id, placement_id, name) SELECT IF(ISNULL(MAX(group_id))=1, 100000, MAX(group_id)+1), 1587652, 'QC037_01_AToxicCrawler1587580' FROM spawn_location_group;
