insert ignore into spawn_location_group (group_id, placement_id) values(1044989, 1587633);
insert into spawn_location_name (id, name) values(1587562, 'QueensColony_AToxicCrawler');
insert into spawn_location_entry (spawn_id, spawn_location_id, spawnpercentage) values(2530201, 1587562, 100);
insert into spawn_location_placement (zone_id, spawn_location_id, x, y, z, x_offset, y_offset, z_offset, heading, grid_id) values(253, 1587562, 100.105141, 1.668600, 98.998909, 0.000000, 0.000000, 0.000000, 54.453125, 3146737430);
INSERT INTO spawn_location_group (group_id, placement_id, name) SELECT IF(ISNULL(MAX(group_id))=1, 100000, MAX(group_id)+1), 1587634, 'QC036_01_AToxicCrawler1587562' FROM spawn_location_group;
insert into spawn_location_name (id, name) values(1587563, 'QueensColony_AToxicCrawler');
insert into spawn_location_entry (spawn_id, spawn_location_id, spawnpercentage) values(2530201, 1587563, 100);
insert into spawn_location_placement (zone_id, spawn_location_id, x, y, z, x_offset, y_offset, z_offset, heading, grid_id) values(253, 1587563, 100.132477, 1.664825, 98.950577, 0.000000, 0.000000, 0.000000, 50.843750, 3146737430);
insert ignore into spawn_location_group (group_id, placement_id) values(1044988, 1587635);
insert into spawn_location_name (id, name) values(1587564, 'QueensColony_AToxicCrawler');
insert into spawn_location_entry (spawn_id, spawn_location_id, spawnpercentage) values(2530201, 1587564, 100);
insert into spawn_location_placement (zone_id, spawn_location_id, x, y, z, x_offset, y_offset, z_offset, heading, grid_id) values(253, 1587564, 101.078094, 1.608971, 99.123184, 0.000000, 0.000000, 0.000000, 60.468750, 3146737430);
INSERT INTO spawn_location_group (group_id, placement_id, name) SELECT IF(ISNULL(MAX(group_id))=1, 100000, MAX(group_id)+1), 1587636, 'QC036_01_AToxicCrawler1587564' FROM spawn_location_group;
insert into spawn_location_name (id, name) values(1587565, 'QueensColony_AToxicCrawler');
insert into spawn_location_entry (spawn_id, spawn_location_id, spawnpercentage) values(2530201, 1587565, 100);
insert into spawn_location_placement (zone_id, spawn_location_id, x, y, z, x_offset, y_offset, z_offset, heading, grid_id) values(253, 1587565, 102.321869, 1.604225, 99.889839, 0.000000, 0.000000, 0.000000, 47.796875, 3146737430);
insert ignore into spawn_location_group (group_id, placement_id) values(1044991, 1587637);
insert into spawn_location_name (id, name) values(1587566, 'QueensColony_AToxicCrawler');
insert into spawn_location_entry (spawn_id, spawn_location_id, spawnpercentage) values(2530201, 1587566, 100);
insert into spawn_location_placement (zone_id, spawn_location_id, x, y, z, x_offset, y_offset, z_offset, heading, grid_id) values(253, 1587566, 101.467644, 1.607123, 100.052895, 0.000000, 0.000000, 0.000000, 52.171875, 3146737430);
INSERT INTO spawn_location_group (group_id, placement_id, name) SELECT IF(ISNULL(MAX(group_id))=1, 100000, MAX(group_id)+1), 1587638, 'QC036_01_AToxicCrawler1587566' FROM spawn_location_group;
insert into spawn_location_name (id, name) values(1587567, 'QueensColony_AToxicCrawler');
insert into spawn_location_entry (spawn_id, spawn_location_id, spawnpercentage) values(2530202, 1587567, 100);
insert into spawn_location_placement (zone_id, spawn_location_id, x, y, z, x_offset, y_offset, z_offset, heading, grid_id) values(253, 1587567, 102.402374, 1.603723, 100.605881, 0.000000, 0.000000, 0.000000, 41.593750, 3146737430);
insert ignore into spawn_location_group (group_id, placement_id) values(1044992, 1587639);
insert into spawn_location_name (id, name) values(1587568, 'QueensColony_AToxicCrawler');
insert into spawn_location_entry (spawn_id, spawn_location_id, spawnpercentage) values(2530201, 1587568, 100);
insert into spawn_location_placement (zone_id, spawn_location_id, x, y, z, x_offset, y_offset, z_offset, heading, grid_id) values(253, 1587568, 103.186172, 1.600853, 100.767693, 0.000000, 0.000000, 0.000000, 45.109375, 3146737430);
insert ignore into spawn_location_group (group_id, placement_id) values(1044993, 0);
