INSERT INTO spawn_location_group (group_id, placement_id, name) SELECT IF(ISNULL(MAX(group_id))=1, 100000, MAX(group_id)+1), 1584904, 'QC040_12_ATaintedSapswillTapper1584886' FROM spawn_location_group;
insert ignore into spawn_location_group (group_id, placement_id) values(1045055, 1584905);
insert into spawn_location_name (id, name) values(1587635, 'QueensColony_ADeadDeer');
insert into spawn_location_entry (spawn_id, spawn_location_id, spawnpercentage) values(2530204, 1587635, 100);
insert into spawn_location_placement (zone_id, spawn_location_id, x, y, z, x_offset, y_offset, z_offset, heading, grid_id) values(253, 1587635, 177.648376, 1.332248, 73.536057, 0.000000, 0.000000, 0.000000, 166.359375, 3146737430);
update spawn_location_placement set x=175.671326, y=1.339178, z=75.166878, heading=248.546875, x_offset=0.000000, y_offset=0.000000, z_offset=0.000000, respawn=45, expire_timer=0, expire_offset=0, grid_id=3146737430, pitch=0.000000, roll=0.000000 where id = 1584904;
update spawn_location_placement set x=176.829346, y=1.334531, z=76.966248, heading=343.812500, x_offset=0.000000, y_offset=0.000000, z_offset=0.000000, respawn=45, expire_timer=0, expire_offset=0, grid_id=3146737430, pitch=0.000000, roll=0.000000 where id = 1584905;
update spawn_location_placement set x=181.734802, y=1.316926, z=74.760109, heading=70.015625, x_offset=0.000000, y_offset=0.000000, z_offset=0.000000, respawn=45, expire_timer=0, expire_offset=0, grid_id=3146737430, pitch=0.000000, roll=0.000000 where id = 429366;
update spawn_location_placement set x=180.690796, y=1.320922, z=74.054588, heading=299.968750, x_offset=0.000000, y_offset=0.000000, z_offset=0.000000, respawn=45, expire_timer=0, expire_offset=0, grid_id=3146737430, pitch=0.000000, roll=0.000000 where id = 429363;
update spawn_location_placement set x=177.454025, y=1.332769, z=74.448730, heading=161.968750, x_offset=0.000000, y_offset=0.000000, z_offset=0.000000, respawn=45, expire_timer=0, expire_offset=0, grid_id=3146737430, pitch=0.000000, roll=0.000000 where id = 429363;
insert into spawn_location_name (id, name) values(1587636, 'QueensColony_ADeadDeer');
insert into spawn_location_entry (spawn_id, spawn_location_id, spawnpercentage) values(2530204, 1587636, 100);
insert into spawn_location_placement (zone_id, spawn_location_id, x, y, z, x_offset, y_offset, z_offset, heading, grid_id) values(253, 1587636, 179.600754, 1.324835, 74.559746, 0.000000, 0.000000, 0.000000, 126.000000, 3146737430);
update spawn_location_placement set x=177.292435, y=1.332907, z=76.609085, heading=90.000000, x_offset=0.000000, y_offset=0.000000, z_offset=0.000000, respawn=0, expire_timer=0, expire_offset=0, grid_id=3146737430, pitch=0.000000, roll=0.000000 where id = 0;
update spawn_location_placement set x=177.166351, y=1.333432, z=76.309395, heading=90.000000, x_offset=0.000000, y_offset=0.000000, z_offset=0.000000, respawn=0, expire_timer=0, expire_offset=0, grid_id=3146737430, pitch=0.000000, roll=0.000000 where id = 0;
update spawn_location_placement set x=177.251053, y=1.333116, z=76.317223, heading=90.000000, x_offset=0.000000, y_offset=0.000000, z_offset=0.000000, respawn=3600, expire_timer=0, expire_offset=0, grid_id=3146737430, pitch=0.000000, roll=0.000000 where id = 1587712;
insert into spawn_location_name (id, name) values(1587637, 'QueensColony_ATaintedSapswillTapper');
insert into spawn_location_entry (spawn_id, spawn_location_id, spawnpercentage) values(2530021, 1587637, 100);
insert into spawn_location_placement (zone_id, spawn_location_id, x, y, z, x_offset, y_offset, z_offset, heading, grid_id) values(253, 1587637, 181.107498, 1.319044, 75.682472, 0.000000, 0.000000, 0.000000, 87.703125, 3146737430);
insert into spawn_location_name (id, name) values(1587638, 'QueensColony_ATaintedSapswillTapper');
insert into spawn_location_entry (spawn_id, spawn_location_id, spawnpercentage) values(2530021, 1587638, 100);
insert into spawn_location_placement (zone_id, spawn_location_id, x, y, z, x_offset, y_offset, z_offset, heading, grid_id) values(253, 1587638, 180.954605, 1.319985, 73.909752, 0.000000, 0.000000, 0.000000, 115.562500, 3146737430);
update spawn_location_placement set x=178.757889, y=1.327497, z=76.620163, heading=63.718750, x_offset=0.000000, y_offset=0.000000, z_offset=0.000000, respawn=3600, expire_timer=0, expire_offset=0, grid_id=3146737430, pitch=0.000000, roll=0.000000 where id = 1587713;
update spawn_location_placement set x=178.552109, y=1.328423, z=75.832710, heading=93.750000, x_offset=0.000000, y_offset=0.000000, z_offset=0.000000, respawn=3600, expire_timer=0, expire_offset=0, grid_id=3146737430, pitch=0.000000, roll=0.000000 where id = 1587713;
insert into spawn_location_name (id, name) values(1587639, 'QueensColony_ADeadDeer');
insert into spawn_location_entry (spawn_id, spawn_location_id, spawnpercentage) values(2530204, 1587639, 100);
insert into spawn_location_placement (zone_id, spawn_location_id, x, y, z, x_offset, y_offset, z_offset, heading, grid_id) values(253, 1587639, 179.466919, 1.325551, 73.515488, 0.000000, 0.000000, 0.000000, 123.562500, 3146737430);
INSERT INTO spawn_location_group (group_id, placement_id, name) SELECT IF(ISNULL(MAX(group_id))=1, 100000, MAX(group_id)+1), 1587713, 'QC040_12_ATaintedSapswillTapper1587637' FROM spawn_location_group;
