insert into spawn_location_name (id, name) values(133769449, 'QueensColony_ATaintedSapswillScout');
insert into spawn_location_entry (spawn_id, spawn_location_id, spawnpercentage) values(2530018, 133769449, 100);
insert into spawn_location_placement (zone_id, spawn_location_id, x, y, z, x_offset, y_offset, z_offset, heading, grid_id) values(253, 133769449, 241.024796, -3.883117, -12.128856, 0.000000, 0.000000, 0.000000, 56.734375, 1246288135);
insert ignore into spawn_location_group (group_id, placement_id) values(1045146, 1587841);
update spawn_npcs, spawn set name='Jiana Waterway', min_level=30, max_level=30, enc_level=3, race=6, model_type=79, class_=3, gender=2, show_name=1, attackable=0, show_level=0, targetable=1, show_command_icon=1, display_hand_icon=0, hair_type_id=1135, facial_hair_type_id=1166, wing_type_id=0, chest_type_id=5505, legs_type_id=5506, soga_hair_type_id=1135, soga_facial_hair_type_id=1166, soga_model_type=79, size=32, hp=451, heroic_flag=0, power=451, collision_radius=30, command_primary=9, command_secondary=0, visual_state=0, action_state=0, mood_state=0, initial_state=16512, activity_status=0, alignment=0, faction_id=0, hide_hood=0, emote_state=0, suffix ='', prefix='', last_name='' where spawn_npcs.spawn_id = spawn.id and spawn.id = 2490227;
insert into spawn_location_name (id, name) values(133769450, 'QueensColony_ATaintedSapswillFighter');
insert into spawn_location_entry (spawn_id, spawn_location_id, spawnpercentage) values(2530019, 133769450, 100);
insert into spawn_location_placement (zone_id, spawn_location_id, x, y, z, x_offset, y_offset, z_offset, heading, grid_id) values(253, 133769450, 241.937637, -3.886358, -12.709832, 0.000000, 0.000000, 0.000000, 76.781250, 1246288135);
INSERT INTO spawn_location_group (group_id, placement_id, name) SELECT IF(ISNULL(MAX(group_id))=1, 100000, MAX(group_id)+1), 1587842, 'QC050_02_ATaintedSapswillFighter133769450' FROM spawn_location_group;
insert into spawn_location_name (id, name) values(133769451, 'QueensColony_ADefiledSoldier');
insert into spawn_location_entry (spawn_id, spawn_location_id, spawnpercentage) values(2530024, 133769451, 100);
insert into spawn_location_placement (zone_id, spawn_location_id, x, y, z, x_offset, y_offset, z_offset, heading, grid_id) values(253, 133769451, 241.596024, -3.885470, -10.961052, 0.000000, 0.000000, 0.000000, 56.921875, 1246288135);
insert ignore into spawn_location_group (group_id, placement_id) values(1045147, 1587843);
insert into spawn_location_name (id, name) values(133769452, 'QueensColony_ATaintedSapswillFighter');
insert into spawn_location_entry (spawn_id, spawn_location_id, spawnpercentage) values(2530019, 133769452, 100);
insert into spawn_location_placement (zone_id, spawn_location_id, x, y, z, x_offset, y_offset, z_offset, heading, grid_id) values(253, 133769452, 241.129715, -3.883404, -12.601451, 0.000000, 0.000000, 0.000000, 69.671875, 1246288135);
INSERT INTO spawn_location_group (group_id, placement_id, name) SELECT IF(ISNULL(MAX(group_id))=1, 100000, MAX(group_id)+1), 1587844, 'QC050_02_ATaintedSapswillFighter133769452' FROM spawn_location_group;
insert into spawn_location_name (id, name) values(133769453, 'QueensColony_ADefiledSoldier');
insert into spawn_location_entry (spawn_id, spawn_location_id, spawnpercentage) values(2530024, 133769453, 100);
insert into spawn_location_placement (zone_id, spawn_location_id, x, y, z, x_offset, y_offset, z_offset, heading, grid_id) values(253, 133769453, 240.706650, -3.881951, -12.100693, 0.000000, 0.000000, 0.000000, 69.718750, 1246288135);
insert ignore into spawn_location_group (group_id, placement_id) values(1045148, 1587845);
insert into spawn_location_name (id, name) values(133769454, 'QueensColony_ATaintedSapswillScout');
insert into spawn_location_entry (spawn_id, spawn_location_id, spawnpercentage) values(2530018, 133769454, 100);
insert into spawn_location_placement (zone_id, spawn_location_id, x, y, z, x_offset, y_offset, z_offset, heading, grid_id) values(253, 133769454, 240.854980, -3.882512, -12.033418, 0.000000, 0.000000, 0.000000, 64.171875, 1246288135);
insert ignore into spawn_location_group (group_id, placement_id) values(1045148, 1587846);
insert into spawn_location_name (id, name) values(133769455, 'QueensColony_ATaintedSapswillFighter');
insert into spawn_location_entry (spawn_id, spawn_location_id, spawnpercentage) values(2530019, 133769455, 100);
insert into spawn_location_placement (zone_id, spawn_location_id, x, y, z, x_offset, y_offset, z_offset, heading, grid_id) values(253, 133769455, 241.323502, -3.884060, -12.872412, 0.000000, 0.000000, 0.000000, 71.250000, 1246288135);
INSERT INTO spawn_location_group (group_id, placement_id, name) SELECT IF(ISNULL(MAX(group_id))=1, 100000, MAX(group_id)+1), 1587847, 'QC050_02_ATaintedSapswillFighter133769455' FROM spawn_location_group;
insert into spawn_location_name (id, name) values(133769456, 'QueensColony_ADefiledScout');
insert into spawn_location_entry (spawn_id, spawn_location_id, spawnpercentage) values(2530020, 133769456, 100);
insert into spawn_location_placement (zone_id, spawn_location_id, x, y, z, x_offset, y_offset, z_offset, heading, grid_id) values(253, 133769456, 240.672745, -3.881734, -12.531092, 0.000000, 0.000000, 0.000000, 67.531250, 1246288135);
insert ignore into spawn_location_group (group_id, placement_id) values(1045149, 1587848);
insert into spawn_location_name (id, name) values(133769457, 'QueensColony_ATaintedSapswillFighter');
insert into spawn_location_entry (spawn_id, spawn_location_id, spawnpercentage) values(2530019, 133769457, 100);
insert into spawn_location_placement (zone_id, spawn_location_id, x, y, z, x_offset, y_offset, z_offset, heading, grid_id) values(253, 133769457, 240.324799, -3.880518, -12.222533, 0.000000, 0.000000, 0.000000, 64.843750, 1246288135);
INSERT INTO spawn_location_group (group_id, placement_id, name) SELECT IF(ISNULL(MAX(group_id))=1, 100000, MAX(group_id)+1), 1587849, 'QC050_02_ATaintedSapswillFighter133769457' FROM spawn_location_group;
insert into spawn_location_name (id, name) values(133769458, 'QueensColony_ADefiledScout');
insert into spawn_location_entry (spawn_id, spawn_location_id, spawnpercentage) values(2530020, 133769458, 100);
insert into spawn_location_placement (zone_id, spawn_location_id, x, y, z, x_offset, y_offset, z_offset, heading, grid_id) values(253, 133769458, 241.099350, -3.883476, -11.735227, 0.000000, 0.000000, 0.000000, 61.437500, 1246288135);
insert ignore into spawn_location_group (group_id, placement_id) values(1045150, 1587850);
