insert into spawn_location_name (id, name) values(133769486, 'QueensColony_AMorakDevourer');
insert into spawn_location_entry (spawn_id, spawn_location_id, spawnpercentage) values(2530015, 133769486, 100);
insert into spawn_location_placement (zone_id, spawn_location_id, x, y, z, x_offset, y_offset, z_offset, heading, grid_id) values(253, 133769486, 259.087891, -4.830950, -14.619431, 0.000000, 0.000000, 0.000000, 238.250000, 1246288135);
INSERT INTO spawn_location_group (group_id, placement_id, name) SELECT IF(ISNULL(MAX(group_id))=1, 100000, MAX(group_id)+1), 1587878, 'QC049_01_AMorakDevourer133769486' FROM spawn_location_group;
insert into spawn_location_name (id, name) values(133769487, 'QueensColony_AMorakDevourer');
insert into spawn_location_entry (spawn_id, spawn_location_id, spawnpercentage) values(2530015, 133769487, 100);
insert into spawn_location_placement (zone_id, spawn_location_id, x, y, z, x_offset, y_offset, z_offset, heading, grid_id) values(253, 133769487, 276.990479, -4.446840, -7.407190, 0.000000, 0.000000, 0.000000, 74.312500, 1246288135);
insert ignore into spawn_location_group (group_id, placement_id) values(1045161, 1587879);
insert into spawn_location_name (id, name) values(133769488, 'QueensColony_AMorakDevourer');
insert into spawn_location_entry (spawn_id, spawn_location_id, spawnpercentage) values(2530015, 133769488, 100);
insert into spawn_location_placement (zone_id, spawn_location_id, x, y, z, x_offset, y_offset, z_offset, heading, grid_id) values(253, 133769488, 276.482300, -4.405358, -3.870755, 0.000000, 0.000000, 0.000000, 66.484375, 1246288135);
insert ignore into spawn_location_group (group_id, placement_id) values(1045161, 1587880);
insert into spawn_location_name (id, name) values(133769489, 'QueensColony_AMorakDevourer');
insert into spawn_location_entry (spawn_id, spawn_location_id, spawnpercentage) values(2530015, 133769489, 100);
insert into spawn_location_placement (zone_id, spawn_location_id, x, y, z, x_offset, y_offset, z_offset, heading, grid_id) values(253, 133769489, 264.556427, -1.534878, -58.425297, 0.000000, 0.000000, 0.000000, 300.453125, 1246288135);
INSERT INTO spawn_location_group (group_id, placement_id, name) SELECT IF(ISNULL(MAX(group_id))=1, 100000, MAX(group_id)+1), 1587881, 'QC051_01_AMorakDevourer133769489' FROM spawn_location_group;
insert into spawn_location_name (id, name) values(133769490, 'QueensColony_AMorakDevourer');
insert into spawn_location_entry (spawn_id, spawn_location_id, spawnpercentage) values(2530015, 133769490, 100);
insert into spawn_location_placement (zone_id, spawn_location_id, x, y, z, x_offset, y_offset, z_offset, heading, grid_id) values(253, 133769490, 275.625549, -1.571470, -65.669617, 0.000000, 0.000000, 0.000000, 109.375000, 1246288135);
insert ignore into spawn_location_group (group_id, placement_id) values(1045162, 1587882);
insert into spawn_location_name (id, name) values(133769491, 'QueensColony_AMorakDevourer');
insert into spawn_location_entry (spawn_id, spawn_location_id, spawnpercentage) values(2530015, 133769491, 100);
insert into spawn_location_placement (zone_id, spawn_location_id, x, y, z, x_offset, y_offset, z_offset, heading, grid_id) values(253, 133769491, 217.414200, -0.780887, -83.640373, 0.000000, 0.000000, 0.000000, 69.265625, 1246288135);
INSERT INTO spawn_location_group (group_id, placement_id, name) SELECT IF(ISNULL(MAX(group_id))=1, 100000, MAX(group_id)+1), 1587883, 'QC052_01_AMorakDevourer133769491' FROM spawn_location_group;
insert into spawn_location_name (id, name) values(133769492, 'QueensColony_AMorakDevourer');
insert into spawn_location_entry (spawn_id, spawn_location_id, spawnpercentage) values(2530015, 133769492, 100);
insert into spawn_location_placement (zone_id, spawn_location_id, x, y, z, x_offset, y_offset, z_offset, heading, grid_id) values(253, 133769492, 212.257339, -0.762692, -79.835938, 0.000000, 0.000000, 0.000000, 101.218750, 1246288135);
insert ignore into spawn_location_group (group_id, placement_id) values(1045163, 1587884);
