insert into spawn_location_name (id, name) values(1587701, 'new');
insert into spawn_location_entry (spawn_id, spawn_location_id, spawnpercentage) values(6480035, 1587701, 100);
insert into spawn_location_placement (zone_id, spawn_location_id, x, y, z, x_offset, y_offset, z_offset, heading, grid_id) values(648, 1587701, -35.060036, 1.890296, 9.779255, 0.000000, 0.000000, 0.000000, 161.921875, 1768322476);
insert into spawn_location_name (id, name) values(1587702, 'new');
insert into spawn_location_entry (spawn_id, spawn_location_id, spawnpercentage) values(6480035, 1587702, 100);
insert into spawn_location_placement (zone_id, spawn_location_id, x, y, z, x_offset, y_offset, z_offset, heading, grid_id) values(648, 1587702, 17.479374, 0.753678, -9.272705, 0.000000, 0.000000, 0.000000, 348.421875, 3173022210);
insert into spawn_location_name (id, name) values(1587703, 'new');
insert into spawn_location_entry (spawn_id, spawn_location_id, spawnpercentage) values(6480035, 1587703, 100);
insert into spawn_location_placement (zone_id, spawn_location_id, x, y, z, x_offset, y_offset, z_offset, heading, grid_id) values(648, 1587703, -39.111626, 5.165836, 45.004009, 0.000000, 0.000000, 0.000000, 213.359375, 289376477);
insert into spawn_location_name (id, name) values(1587704, 'new');
insert into spawn_location_entry (spawn_id, spawn_location_id, spawnpercentage) values(6480035, 1587704, 100);
insert into spawn_location_placement (zone_id, spawn_location_id, x, y, z, x_offset, y_offset, z_offset, heading, grid_id) values(648, 1587704, 10.362171, 4.023951, 56.008102, 0.000000, 0.000000, 0.000000, 200.203125, 1202477810);
insert into spawn_location_name (id, name) values(1587705, 'new');
insert into spawn_location_entry (spawn_id, spawn_location_id, spawnpercentage) values(6480035, 1587705, 100);
insert into spawn_location_placement (zone_id, spawn_location_id, x, y, z, x_offset, y_offset, z_offset, heading, grid_id) values(648, 1587705, 29.566519, 4.161709, 36.128811, 0.000000, 0.000000, 0.000000, 346.750000, 1385078500);
insert into spawn_location_name (id, name) values(1587706, 'new');
insert into spawn_location_entry (spawn_id, spawn_location_id, spawnpercentage) values(6480035, 1587706, 100);
insert into spawn_location_placement (zone_id, spawn_location_id, x, y, z, x_offset, y_offset, z_offset, heading, grid_id) values(648, 1587706, -1.731756, 1.278805, -25.162245, 0.000000, 0.000000, 0.000000, 357.406250, 3173022210);
insert into spawn (id, name, race, model_type, size, targetable, show_name, command_primary, command_secondary, visual_state, attackable, show_level, show_command_icon, display_hand_icon, faction_id, collision_radius, hp, power, prefix, suffix, last_name) values(6480036, 'ArasaiTortureInstruments', 255, 1, 30, 1, 0, 0, 0, 0, 0, 0, 0, 0, 0, 0, 26, 26, '', '', '');
insert into spawn_ground (spawn_id) values(6480036);
insert into spawn_location_name (id, name) values(1587707, 'new');
insert into spawn_location_entry (spawn_id, spawn_location_id, spawnpercentage) values(6480036, 1587707, 100);
insert into spawn_location_placement (zone_id, spawn_location_id, x, y, z, x_offset, y_offset, z_offset, heading, grid_id) values(648, 1587707, 22.491261, 3.001111, 58.987545, 0.000000, 0.000000, 0.000000, 334.312500, 1202477810);
