insert into spawn_location_name (id, name) values(133769476, 'QueensColony_AMorakDevourer');
insert into spawn_location_entry (spawn_id, spawn_location_id, spawnpercentage) values(2530015, 133769476, 100);
insert into spawn_location_placement (zone_id, spawn_location_id, x, y, z, x_offset, y_offset, z_offset, heading, grid_id) values(253, 133769476, 263.484467, -4.899478, -19.567587, 0.000000, 0.000000, 0.000000, 203.859375, 1246288135);
INSERT INTO spawn_location_group (group_id, placement_id, name) SELECT IF(ISNULL(MAX(group_id))=1, 100000, MAX(group_id)+1), 1587868, 'QC049_01_AMorakDevourer133769476' FROM spawn_location_group;
insert into spawn_location_name (id, name) values(133769477, 'QueensColony_AMorakDevourer');
insert into spawn_location_entry (spawn_id, spawn_location_id, spawnpercentage) values(2530015, 133769477, 100);
insert into spawn_location_placement (zone_id, spawn_location_id, x, y, z, x_offset, y_offset, z_offset, heading, grid_id) values(253, 133769477, 255.648773, -3.937659, -9.077085, 0.000000, 0.000000, 0.000000, 267.046875, 1246288135);
insert ignore into spawn_location_group (group_id, placement_id) values(1045157, 1587869);
insert into spawn_location_name (id, name) values(133769478, 'QueensColony_AMorakDevourer');
insert into spawn_location_entry (spawn_id, spawn_location_id, spawnpercentage) values(2530015, 133769478, 100);
insert into spawn_location_placement (zone_id, spawn_location_id, x, y, z, x_offset, y_offset, z_offset, heading, grid_id) values(253, 133769478, 276.405243, -4.403623, -3.388593, 0.000000, 0.000000, 0.000000, 61.437500, 1246288135);
insert ignore into spawn_location_group (group_id, placement_id) values(1045157, 1587870);
insert into spawn_location_name (id, name) values(133769479, 'QueensColony_AMorakDevourer');
insert into spawn_location_entry (spawn_id, spawn_location_id, spawnpercentage) values(2530015, 133769479, 100);
insert into spawn_location_placement (zone_id, spawn_location_id, x, y, z, x_offset, y_offset, z_offset, heading, grid_id) values(253, 133769479, 217.839218, -0.781704, -87.164040, 0.000000, 0.000000, 0.000000, 67.562500, 1246288135);
INSERT INTO spawn_location_group (group_id, placement_id, name) SELECT IF(ISNULL(MAX(group_id))=1, 100000, MAX(group_id)+1), 1587871, 'QC052_01_AMorakDevourer133769479' FROM spawn_location_group;
insert into spawn_location_name (id, name) values(133769480, 'QueensColony_AMorakDevourer');
insert into spawn_location_entry (spawn_id, spawn_location_id, spawnpercentage) values(2530015, 133769480, 100);
insert into spawn_location_placement (zone_id, spawn_location_id, x, y, z, x_offset, y_offset, z_offset, heading, grid_id) values(253, 133769480, 214.102905, -0.769099, -81.691742, 0.000000, 0.000000, 0.000000, 61.281250, 1246288135);
insert ignore into spawn_location_group (group_id, placement_id) values(1045158, 1587872);
insert into spawn_location_name (id, name) values(133769481, 'QueensColony_AMorakDevourer');
insert into spawn_location_entry (spawn_id, spawn_location_id, spawnpercentage) values(2530015, 133769481, 100);
insert into spawn_location_placement (zone_id, spawn_location_id, x, y, z, x_offset, y_offset, z_offset, heading, grid_id) values(253, 133769481, 262.855713, -1.527531, -57.397369, 0.000000, 0.000000, 0.000000, 324.953125, 1246288135);
INSERT INTO spawn_location_group (group_id, placement_id, name) SELECT IF(ISNULL(MAX(group_id))=1, 100000, MAX(group_id)+1), 1587873, 'QC051_01_AMorakDevourer133769481' FROM spawn_location_group;
insert into spawn_location_name (id, name) values(133769482, 'QueensColony_AMorakDevourer');
insert into spawn_location_entry (spawn_id, spawn_location_id, spawnpercentage) values(2530015, 133769482, 100);
insert into spawn_location_placement (zone_id, spawn_location_id, x, y, z, x_offset, y_offset, z_offset, heading, grid_id) values(253, 133769482, 261.203827, -1.324440, -58.850555, 0.000000, 0.000000, 0.000000, 312.328125, 1246288135);
insert ignore into spawn_location_group (group_id, placement_id) values(1045159, 1587874);
insert into spawn_location_name (id, name) values(133769483, 'QueensColony_AMorakDevourer');
insert into spawn_location_entry (spawn_id, spawn_location_id, spawnpercentage) values(2530015, 133769483, 100);
insert into spawn_location_placement (zone_id, spawn_location_id, x, y, z, x_offset, y_offset, z_offset, heading, grid_id) values(253, 133769483, 276.399475, -4.403484, -3.613366, 0.000000, 0.000000, 0.000000, 57.984375, 1246288135);
INSERT INTO spawn_location_group (group_id, placement_id, name) SELECT IF(ISNULL(MAX(group_id))=1, 100000, MAX(group_id)+1), 1587875, 'QC049_01_AMorakDevourer133769483' FROM spawn_location_group;
insert into spawn_location_name (id, name) values(133769484, 'QueensColony_AMorakDevourer');
insert into spawn_location_entry (spawn_id, spawn_location_id, spawnpercentage) values(2530015, 133769484, 100);
insert into spawn_location_placement (zone_id, spawn_location_id, x, y, z, x_offset, y_offset, z_offset, heading, grid_id) values(253, 133769484, 274.982849, -5.108534, -18.028519, 0.000000, 0.000000, 0.000000, 141.093750, 1246288135);
insert ignore into spawn_location_group (group_id, placement_id) values(1045160, 1587876);
insert into spawn_location_name (id, name) values(133769485, 'QueensColony_AMorakDevourer');
insert into spawn_location_entry (spawn_id, spawn_location_id, spawnpercentage) values(2530015, 133769485, 100);
insert into spawn_location_placement (zone_id, spawn_location_id, x, y, z, x_offset, y_offset, z_offset, heading, grid_id) values(253, 133769485, 263.113617, -4.809618, -20.122053, 0.000000, 0.000000, 0.000000, 197.250000, 1246288135);
insert ignore into spawn_location_group (group_id, placement_id) values(1045160, 1587877);
