insert into spawn_location_name (id, name) values(1587658, 'QueensColony_ADeadDeer');
insert into spawn_location_entry (spawn_id, spawn_location_id, spawnpercentage) values(2530204, 1587658, 100);
insert into spawn_location_placement (zone_id, spawn_location_id, x, y, z, x_offset, y_offset, z_offset, heading, grid_id) values(253, 1587658, 116.889290, 1.557005, 82.756126, 0.000000, 0.000000, 0.000000, 299.984375, 3146737430);
update spawn_location_placement set x=121.493996, y=1.537876, z=79.662682, heading=137.968750, x_offset=0.000000, y_offset=0.000000, z_offset=0.000000, respawn=45, expire_timer=0, expire_offset=0, grid_id=3146737430, pitch=0.000000, roll=0.000000 where id = 429333;
INSERT INTO spawn_location_group (group_id, placement_id, name) SELECT IF(ISNULL(MAX(group_id))=1, 100000, MAX(group_id)+1), 429333, 'QC040_23_ATaintedSapswillTapper429333' FROM spawn_location_group;
insert ignore into spawn_location_group (group_id, placement_id) values(1045064, 429333);
insert ignore into spawn_location_group (group_id, placement_id) values(1045064, 429335);
insert into spawn_location_name (id, name) values(1587659, 'QueensColony_ATaintedSapswillTapper');
insert into spawn_location_entry (spawn_id, spawn_location_id, spawnpercentage) values(2530021, 1587659, 100);
insert into spawn_location_placement (zone_id, spawn_location_id, x, y, z, x_offset, y_offset, z_offset, heading, grid_id) values(253, 1587659, 119.370293, 1.615133, 77.545212, 0.000000, 0.000000, 0.000000, 201.312500, 3146737430);
insert into spawn_location_name (id, name) values(1587660, 'QueensColony_ATaintedSapswillTapper');
insert into spawn_location_entry (spawn_id, spawn_location_id, spawnpercentage) values(2530021, 1587660, 100);
insert into spawn_location_placement (zone_id, spawn_location_id, x, y, z, x_offset, y_offset, z_offset, heading, grid_id) values(253, 1587660, 120.231613, 1.617457, 76.732475, 0.000000, 0.000000, 0.000000, 200.312500, 3146737430);
insert into spawn_location_name (id, name) values(1587661, 'QueensColony_ADeadDeer');
insert into spawn_location_entry (spawn_id, spawn_location_id, spawnpercentage) values(2530204, 1587661, 100);
insert into spawn_location_placement (zone_id, spawn_location_id, x, y, z, x_offset, y_offset, z_offset, heading, grid_id) values(253, 1587661, 117.656113, 1.602387, 79.195801, 0.000000, 0.000000, 0.000000, 269.671875, 3146737430);
update spawn_location_placement set x=120.653648, y=1.542838, z=79.936981, heading=269.671875, x_offset=0.000000, y_offset=0.000000, z_offset=0.000000, respawn=0, expire_timer=0, expire_offset=0, grid_id=3146737430, pitch=0.000000, roll=0.000000 where id = 0;
update spawn_location_placement set x=120.691132, y=1.542093, z=79.857285, heading=269.671875, x_offset=0.000000, y_offset=0.000000, z_offset=0.000000, respawn=0, expire_timer=0, expire_offset=0, grid_id=3146737430, pitch=0.000000, roll=0.000000 where id = 0;
update spawn_location_placement set x=120.619156, y=1.543499, z=80.165863, heading=269.671875, x_offset=0.000000, y_offset=0.000000, z_offset=0.000000, respawn=0, expire_timer=0, expire_offset=0, grid_id=3146737430, pitch=0.000000, roll=0.000000 where id = 0;
update spawn_location_placement set x=120.702202, y=1.541854, z=79.942413, heading=269.671875, x_offset=0.000000, y_offset=0.000000, z_offset=0.000000, respawn=0, expire_timer=0, expire_offset=0, grid_id=3146737430, pitch=0.000000, roll=0.000000 where id = 0;
update spawn_location_placement set x=120.752701, y=1.540850, z=79.820740, heading=269.671875, x_offset=0.000000, y_offset=0.000000, z_offset=0.000000, respawn=0, expire_timer=0, expire_offset=0, grid_id=3146737430, pitch=0.000000, roll=0.000000 where id = 0;
update spawn_location_placement set x=120.632362, y=1.543218, z=80.105438, heading=269.671875, x_offset=0.000000, y_offset=0.000000, z_offset=0.000000, respawn=0, expire_timer=0, expire_offset=0, grid_id=3146737430, pitch=0.000000, roll=0.000000 where id = 0;
update spawn_location_placement set x=120.662331, y=1.542665, z=79.922516, heading=269.671875, x_offset=0.000000, y_offset=0.000000, z_offset=0.000000, respawn=3600, expire_timer=0, expire_offset=0, grid_id=3146737430, pitch=0.000000, roll=0.000000 where id = 1587737;
INSERT INTO spawn_location_group (group_id, placement_id, name) SELECT IF(ISNULL(MAX(group_id))=1, 100000, MAX(group_id)+1), 1587735, 'QC040_23_ATaintedSapswillTapper1587659' FROM spawn_location_group;
insert ignore into spawn_location_group (group_id, placement_id) values(1045065, 1587736);
update spawn_npcs, spawn set name='Wesaelan Brookshadow', min_level=22, max_level=22, enc_level=5, race=15, model_type=114, class_=16, gender=1, show_name=1, attackable=0, show_level=0, targetable=1, show_command_icon=1, display_hand_icon=0, hair_type_id=1133, facial_hair_type_id=1188, wing_type_id=0, chest_type_id=5577, legs_type_id=5578, soga_hair_type_id=1133, soga_facial_hair_type_id=1188, soga_model_type=114, size=32, hp=331, heroic_flag=0, power=331, collision_radius=28, command_primary=9, command_secondary=0, visual_state=0, action_state=0, mood_state=0, initial_state=16512, activity_status=0, alignment=0, faction_id=0, hide_hood=0, emote_state=0, suffix ='', prefix='', last_name='' where spawn_npcs.spawn_id = spawn.id and spawn.id = 2070043;
update spawn_location_placement set x=119.311234, y=1.569890, z=80.494087, heading=261.296875, x_offset=0.000000, y_offset=0.000000, z_offset=0.000000, respawn=45, expire_timer=0, expire_offset=0, grid_id=3146737430, pitch=0.000000, roll=0.000000 where id = 1587735;
update spawn_npcs, spawn set name='Master Rysian Gladewalker', min_level=70, max_level=70, enc_level=9, race=6, model_type=78, class_=39, gender=1, show_name=1, attackable=0, show_level=0, targetable=1, show_command_icon=1, display_hand_icon=0, hair_type_id=1137, facial_hair_type_id=1165, wing_type_id=0, chest_type_id=5509, legs_type_id=5510, soga_hair_type_id=1137, soga_facial_hair_type_id=1165, soga_model_type=78, size=32, hp=1051, heroic_flag=1, power=1051, collision_radius=30, command_primary=9, command_secondary=0, visual_state=0, action_state=0, mood_state=0, initial_state=16512, activity_status=0, alignment=0, faction_id=0, hide_hood=0, emote_state=0, suffix ='', prefix='', last_name='' where spawn_npcs.spawn_id = spawn.id and spawn.id = 2070040;
insert into spawn_location_name (id, name) values(1587662, 'QueensColony_ATaintedSapswillTapper');
insert into spawn_location_entry (spawn_id, spawn_location_id, spawnpercentage) values(2530021, 1587662, 100);
insert into spawn_location_placement (zone_id, spawn_location_id, x, y, z, x_offset, y_offset, z_offset, heading, grid_id) values(253, 1587662, 116.454544, 1.562534, 83.406746, 0.000000, 0.000000, 0.000000, 309.781250, 3146737430);
insert into spawn_location_name (id, name) values(1587663, 'QueensColony_ATaintedSapswillTapper');
insert into spawn_location_entry (spawn_id, spawn_location_id, spawnpercentage) values(2530021, 1587663, 100);
insert into spawn_location_placement (zone_id, spawn_location_id, x, y, z, x_offset, y_offset, z_offset, heading, grid_id) values(253, 1587663, 115.446907, 1.587049, 82.466370, 0.000000, 0.000000, 0.000000, 297.593750, 3146737430);
insert into spawn_location_name (id, name) values(1587664, 'QueensColony_ADeadDeer');
insert into spawn_location_entry (spawn_id, spawn_location_id, spawnpercentage) values(2530204, 1587664, 100);
insert into spawn_location_placement (zone_id, spawn_location_id, x, y, z, x_offset, y_offset, z_offset, heading, grid_id) values(253, 1587664, 114.378960, 1.646090, 81.441681, 0.000000, 0.000000, 0.000000, 291.500000, 3146737430);
INSERT INTO spawn_location_group (group_id, placement_id, name) SELECT IF(ISNULL(MAX(group_id))=1, 100000, MAX(group_id)+1), 1587738, 'QC040_23_ATaintedSapswillTapper1587662' FROM spawn_location_group;
insert ignore into spawn_location_group (group_id, placement_id) values(1045066, 1587739);
insert ignore into spawn_location_group_associations (group_id1, group_id2) values(29420, 1045059);
insert ignore into spawn_location_group_associations (group_id1, group_id2) values(1045060, 1045059);
insert ignore into spawn_location_group_associations (group_id1, group_id2) values(1045061, 1045059);
insert ignore into spawn_location_group_associations (group_id1, group_id2) values(1045062, 1045059);
insert ignore into spawn_location_group_associations (group_id1, group_id2) values(1045063, 1045059);
insert ignore into spawn_location_group_associations (group_id1, group_id2) values(1045064, 1045059);
insert ignore into spawn_location_group_associations (group_id1, group_id2) values(1045065, 1045059);
insert ignore into spawn_location_group_associations (group_id1, group_id2) values(1045066, 1045059);
