update spawn_location_placement set x=429.916473, y=-20.699017, z=310.003387, heading=118.109375, x_offset=0.000000, y_offset=0.000000, z_offset=0.000000, respawn=300, expire_timer=0, expire_offset=0, grid_id=4222594234, pitch=0.000000, roll=0.000000 where id = 193788;
update spawn_location_placement set x=242.841888, y=-21.474524, z=-27.405521, heading=162.000000, x_offset=0.000000, y_offset=0.000000, z_offset=0.000000, respawn=300, expire_timer=0, expire_offset=0, grid_id=23056599, pitch=0.000000, roll=0.000000 where id = 332173;
update spawn_location_placement set x=240.344559, y=-21.212446, z=-13.318789, heading=354.000000, x_offset=0.000000, y_offset=0.000000, z_offset=0.000000, respawn=300, expire_timer=0, expire_offset=0, grid_id=23056599, pitch=0.000000, roll=0.000000 where id = 332170;
update spawn_location_placement set x=242.303314, y=-21.241535, z=-13.543496, heading=354.000000, x_offset=0.000000, y_offset=0.000000, z_offset=0.000000, respawn=300, expire_timer=0, expire_offset=0, grid_id=23056599, pitch=0.000000, roll=0.000000 where id = 570929;
update spawn_location_placement set x=241.131393, y=-21.126820, z=-12.443217, heading=354.000000, x_offset=0.000000, y_offset=0.000000, z_offset=0.000000, respawn=300, expire_timer=0, expire_offset=0, grid_id=23056599, pitch=0.000000, roll=0.000000 where id = 332170;
update spawn_location_placement set x=224.455734, y=-21.310720, z=-13.353339, heading=285.562500, x_offset=0.000000, y_offset=0.000000, z_offset=0.000000, respawn=300, expire_timer=0, expire_offset=0, grid_id=23056599, pitch=0.000000, roll=0.000000 where id = 332175;
delete FROM spawn_location_placement where spawn_location_id=332175;
delete FROM spawn_location_name where id=332175;
delete FROM spawn_location_entry where spawn_id=5890013 and spawn_location_id = 332175;
update spawn_location_placement set x=302.507050, y=-21.168095, z=-74.130478, heading=249.359375, x_offset=0.000000, y_offset=0.000000, z_offset=0.000000, respawn=300, expire_timer=0, expire_offset=0, grid_id=23056599, pitch=0.000000, roll=0.000000 where id = 332159;
update spawn_location_placement set x=303.052856, y=-21.287548, z=-74.894562, heading=214.109375, x_offset=0.000000, y_offset=0.000000, z_offset=0.000000, respawn=300, expire_timer=0, expire_offset=0, grid_id=23056599, pitch=0.000000, roll=0.000000 where id = 332191;
delete FROM spawn_location_placement where spawn_location_id=332191;
delete FROM spawn_location_name where id=332191;
delete FROM spawn_location_entry where spawn_id=5890027 and spawn_location_id = 332191;
delete FROM spawn_location_placement where spawn_location_id=332159;
delete FROM spawn_location_name where id=332159;
delete FROM spawn_location_entry where spawn_id=5890006 and spawn_location_id = 332159;
update spawn_location_placement set x=334.367279, y=-20.635172, z=-106.217407, heading=332.765625, x_offset=0.000000, y_offset=0.000000, z_offset=0.000000, respawn=300, expire_timer=0, expire_offset=0, grid_id=23056599, pitch=0.000000, roll=0.000000 where id = 571024;
update spawn_location_placement set x=334.367279, y=10.000000, z=-106.217407, heading=332.765625, x_offset=0.000000, y_offset=0.000000, z_offset=0.000000, respawn=300, expire_timer=0, expire_offset=0, grid_id=23056599, pitch=0.000000, roll=0.000000 where id = 571024;
update spawn_location_placement set x=334.367279, y=20.000000, z=-106.217407, heading=332.765625, x_offset=0.000000, y_offset=0.000000, z_offset=0.000000, respawn=300, expire_timer=0, expire_offset=0, grid_id=23056599, pitch=0.000000, roll=0.000000 where id = 571024;
update spawn_location_placement set x=334.367279, y=20.000000, z=-106.217407, heading=332.765625, x_offset=0.000000, y_offset=0.000000, z_offset=0.000000, respawn=300, expire_timer=0, expire_offset=0, grid_id=23056599, pitch=0.000000, roll=0.000000 where id = 571024;
update spawn_location_placement set x=334.367279, y=22.000000, z=-106.217407, heading=332.765625, x_offset=0.000000, y_offset=0.000000, z_offset=0.000000, respawn=300, expire_timer=0, expire_offset=0, grid_id=23056599, pitch=0.000000, roll=0.000000 where id = 571024;
delete FROM spawn_location_placement where spawn_location_id=571024;
delete FROM spawn_location_name where id=571024;
delete FROM spawn_location_entry where spawn_id=5890243 and spawn_location_id = 571024;
update spawn_location_placement set x=336.987305, y=-23.882694, z=-155.448761, heading=219.968750, x_offset=0.000000, y_offset=0.000000, z_offset=0.000000, respawn=300, expire_timer=0, expire_offset=0, grid_id=23056599, pitch=0.000000, roll=0.000000 where id = 571025;
update spawn_location_placement set x=337.648926, y=-23.952726, z=-156.566437, heading=196.000000, x_offset=0.000000, y_offset=0.000000, z_offset=0.000000, respawn=300, expire_timer=0, expire_offset=0, grid_id=23056599, pitch=0.000000, roll=0.000000 where id = 332242;
update spawn_location_placement set x=335.779083, y=-23.706484, z=-154.193832, heading=220.000000, x_offset=0.000000, y_offset=0.000000, z_offset=0.000000, respawn=300, expire_timer=0, expire_offset=0, grid_id=23056599, pitch=0.000000, roll=0.000000 where id = 332242;
update spawn_location_placement set x=338.015930, y=-24.068535, z=-155.916275, heading=195.968750, x_offset=0.000000, y_offset=0.000000, z_offset=0.000000, respawn=300, expire_timer=0, expire_offset=0, grid_id=23056599, pitch=0.000000, roll=0.000000 where id = 571025;
update spawn_location_placement set x=402.012451, y=-20.896500, z=-173.866974, heading=214.000000, x_offset=0.000000, y_offset=0.000000, z_offset=0.000000, respawn=300, expire_timer=0, expire_offset=0, grid_id=23056599, pitch=0.000000, roll=0.000000 where id = 332252;
update spawn_location_placement set x=403.524872, y=-20.889843, z=-172.990402, heading=70.046875, x_offset=0.000000, y_offset=0.000000, z_offset=0.000000, respawn=300, expire_timer=0, expire_offset=0, grid_id=23056599, pitch=0.000000, roll=0.000000 where id = 332265;
delete FROM spawn_location_placement where spawn_location_id=332265;
delete FROM spawn_location_name where id=332265;
delete FROM spawn_location_entry where spawn_id=5890087 and spawn_location_id = 332265;
update spawn_location_placement set x=312.279388, y=-22.662762, z=-177.792572, heading=304.875000, x_offset=0.000000, y_offset=0.000000, z_offset=0.000000, respawn=300, expire_timer=0, expire_offset=0, grid_id=23056599, pitch=0.000000, roll=0.000000 where id = 332251;
update spawn_location_placement set x=334.841309, y=-23.612947, z=-152.455002, heading=208.015625, x_offset=0.000000, y_offset=0.000000, z_offset=0.000000, respawn=300, expire_timer=0, expire_offset=0, grid_id=23056599, pitch=0.000000, roll=0.000000 where id = 571329;
update spawn_npcs, spawn set name='Harvest Salesperson', min_level=1, max_level=1, enc_level=6, race=2, model_type=110, class_=4, gender=1, show_name=1, attackable=0, show_level=0, targetable=1, show_command_icon=1, display_hand_icon=0, hair_type_id=1133, facial_hair_type_id=1176, wing_type_id=0, chest_type_id=5477, legs_type_id=5478, soga_hair_type_id=1133, soga_facial_hair_type_id=1176, soga_model_type=110, size=32, hp=16, heroic_flag=0, power=16, collision_radius=26, command_primary=9, command_secondary=0, visual_state=0, action_state=0, mood_state=0, initial_state=16512, activity_status=0, alignment=0, faction_id=0, hide_hood=0, emote_state=0, suffix ='', prefix='', last_name='' where spawn_npcs.spawn_id = spawn.id and spawn.id = 5890488;
update spawn_npcs, spawn set name='a merchant', min_level=1, max_level=1, enc_level=6, race=2, model_type=110, class_=4, gender=1, show_name=1, attackable=0, show_level=0, targetable=1, show_command_icon=1, display_hand_icon=0, hair_type_id=1133, facial_hair_type_id=1176, wing_type_id=0, chest_type_id=5477, legs_type_id=5478, soga_hair_type_id=1133, soga_facial_hair_type_id=1176, soga_model_type=110, size=32, hp=16, heroic_flag=0, power=16, collision_radius=26, command_primary=9, command_secondary=0, visual_state=0, action_state=0, mood_state=0, initial_state=16512, activity_status=0, alignment=0, faction_id=0, hide_hood=0, emote_state=0, suffix ='', prefix='', last_name='' where spawn_npcs.spawn_id = spawn.id and spawn.id = 5890488;
update spawn_npcs, spawn set name='a merchant', min_level=1, max_level=1, enc_level=6, race=9, model_type=132, class_=10, gender=2, show_name=1, attackable=0, show_level=0, targetable=1, show_command_icon=1, display_hand_icon=0, hair_type_id=1136, facial_hair_type_id=0, wing_type_id=0, chest_type_id=5529, legs_type_id=5530, soga_hair_type_id=1136, soga_facial_hair_type_id=0, soga_model_type=132, size=32, hp=16, heroic_flag=0, power=16, collision_radius=34, command_primary=9, command_secondary=0, visual_state=0, action_state=0, mood_state=0, initial_state=16512, activity_status=0, alignment=0, faction_id=0, hide_hood=0, emote_state=0, suffix ='', prefix='', last_name='' where spawn_npcs.spawn_id = spawn.id and spawn.id = 5890067;
update spawn_npcs, spawn set name='a merchant', min_level=1, max_level=1, enc_level=6, race=9, model_type=18864, class_=10, gender=1, show_name=1, attackable=1, show_level=0, targetable=1, show_command_icon=1, display_hand_icon=0, hair_type_id=1119, facial_hair_type_id=1171, wing_type_id=0, chest_type_id=5529, legs_type_id=5530, soga_hair_type_id=1119, soga_facial_hair_type_id=1171, soga_model_type=18864, size=32, hp=16, heroic_flag=0, power=16, collision_radius=34, command_primary=9, command_secondary=0, visual_state=0, action_state=0, mood_state=0, initial_state=16512, activity_status=0, alignment=0, faction_id=0, hide_hood=0, emote_state=0, suffix ='', prefix='', last_name='' where spawn_npcs.spawn_id = spawn.id and spawn.id = 5890243;
update spawn_location_placement set x=336.369537, y=-23.761530, z=-155.257721, heading=183.968750, x_offset=0.000000, y_offset=0.000000, z_offset=0.000000, respawn=300, expire_timer=0, expire_offset=0, grid_id=23056599, pitch=0.000000, roll=0.000000 where id = 571025;
update spawn_location_placement set x=335.025299, y=-23.603661, z=-153.149246, heading=238.015625, x_offset=0.000000, y_offset=0.000000, z_offset=0.000000, respawn=300, expire_timer=0, expire_offset=0, grid_id=23056599, pitch=0.000000, roll=0.000000 where id = 571329;
update spawn_location_placement set x=335.117554, y=-23.611778, z=-154.561386, heading=237.984375, x_offset=0.000000, y_offset=0.000000, z_offset=0.000000, respawn=300, expire_timer=0, expire_offset=0, grid_id=23056599, pitch=0.000000, roll=0.000000 where id = 332242;
update spawn_location_placement set x=418.283691, y=-21.572765, z=-214.883408, heading=138.031250, x_offset=0.000000, y_offset=0.000000, z_offset=0.000000, respawn=300, expire_timer=0, expire_offset=0, grid_id=23056599, pitch=0.000000, roll=0.000000 where id = 332157;
update spawn_location_placement set x=418.112183, y=-21.497025, z=-213.293594, heading=340.140625, x_offset=0.000000, y_offset=0.000000, z_offset=0.000000, respawn=300, expire_timer=0, expire_offset=0, grid_id=23056599, pitch=0.000000, roll=0.000000 where id = 332264;
update spawn_location_placement set x=410.739105, y=-20.852516, z=-201.110214, heading=39.968750, x_offset=0.000000, y_offset=0.000000, z_offset=0.000000, respawn=300, expire_timer=0, expire_offset=0, grid_id=23056599, pitch=0.000000, roll=0.000000 where id = 571025;
update spawn_location_placement set x=412.864929, y=-20.919294, z=-203.544662, heading=28.031250, x_offset=0.000000, y_offset=0.000000, z_offset=0.000000, respawn=300, expire_timer=0, expire_offset=0, grid_id=23056599, pitch=0.000000, roll=0.000000 where id = 571329;
update spawn_location_placement set x=416.667572, y=-20.932739, z=-201.501434, heading=232.031250, x_offset=0.000000, y_offset=0.000000, z_offset=0.000000, respawn=300, expire_timer=0, expire_offset=0, grid_id=23056599, pitch=0.000000, roll=0.000000 where id = 571329;
update spawn_location_placement set x=414.523499, y=-21.035873, z=-205.210907, heading=3.984375, x_offset=0.000000, y_offset=0.000000, z_offset=0.000000, respawn=300, expire_timer=0, expire_offset=0, grid_id=23056599, pitch=0.000000, roll=0.000000 where id = 332242;
insert into spawn (id, name, race, model_type, size, targetable, show_name, command_primary, command_secondary, visual_state, attackable, show_level, show_command_icon, display_hand_icon, faction_id, collision_radius, hp, power, prefix, suffix, last_name) values(5890766, 'a counter, extended', 255, 23841, 32, 1, 0, 0, 0, 0, 0, 0, 0, 0, 0, 0, 26, 26, '', '', '');
insert into spawn_objects (spawn_id) values(5890766);
insert into spawn_location_name (id, name) values(133769506, 'qeynos_harvest_faire');
insert into spawn_location_entry (spawn_id, spawn_location_id, spawnpercentage) values(5890766, 133769506, 100);
insert into spawn_location_placement (zone_id, spawn_location_id, x, y, z, x_offset, y_offset, z_offset, heading, grid_id) values(589, 133769506, 416.729095, -20.869970, -203.363831, 0.000000, 0.000000, 0.000000, 317.953125, 23056599);
insert into spawn (id, name, race, model_type, size, targetable, show_name, command_primary, command_secondary, visual_state, attackable, show_level, show_command_icon, display_hand_icon, faction_id, collision_radius, hp, power, prefix, suffix, last_name) values(5890767, 'a large rock', 255, 1724, 32, 1, 0, 0, 0, 0, 0, 0, 0, 0, 0, 0, 26, 26, '', '', '');
insert into spawn_objects (spawn_id) values(5890767);
insert into spawn_location_name (id, name) values(133769507, 'qeynos_harvest_faire');
insert into spawn_location_entry (spawn_id, spawn_location_id, spawnpercentage) values(5890767, 133769507, 100);
insert into spawn_location_placement (zone_id, spawn_location_id, x, y, z, x_offset, y_offset, z_offset, heading, grid_id) values(589, 133769507, 420.221863, -20.942568, -200.621811, 0.000000, 0.000000, 0.000000, 335.734375, 23056599);
insert into spawn (id, name, race, model_type, size, targetable, show_name, command_primary, command_secondary, visual_state, attackable, show_level, show_command_icon, display_hand_icon, faction_id, collision_radius, hp, power, prefix, suffix, last_name) values(5890768, 'Vegetables', 255, 24861, 32, 1, 0, 0, 0, 0, 0, 0, 0, 0, 0, 0, 26, 26, '', '', '');
insert into spawn_objects (spawn_id) values(5890768);
insert into spawn_location_name (id, name) values(133769508, 'qeynos_harvest_faire');
insert into spawn_location_entry (spawn_id, spawn_location_id, spawnpercentage) values(5890768, 133769508, 100);
insert into spawn_location_placement (zone_id, spawn_location_id, x, y, z, x_offset, y_offset, z_offset, heading, grid_id) values(589, 133769508, 417.438965, -20.889967, -200.302002, 0.000000, 0.000000, 0.000000, 19.421875, 23056599);
insert into spawn (id, name, race, model_type, size, targetable, show_name, command_primary, command_secondary, visual_state, attackable, show_level, show_command_icon, display_hand_icon, faction_id, collision_radius, hp, power, prefix, suffix, last_name) values(5890769, 'Grains', 255, 24860, 32, 1, 0, 0, 0, 0, 0, 0, 0, 0, 0, 0, 26, 26, '', '', '');
insert into spawn_objects (spawn_id) values(5890769);
insert into spawn_location_name (id, name) values(133769509, 'qeynos_harvest_faire');
insert into spawn_location_entry (spawn_id, spawn_location_id, spawnpercentage) values(5890769, 133769509, 100);
insert into spawn_location_placement (zone_id, spawn_location_id, x, y, z, x_offset, y_offset, z_offset, heading, grid_id) values(589, 133769509, 418.083710, -20.941795, -201.636597, 0.000000, 0.000000, 0.000000, 28.218750, 23056599);
insert into spawn (id, name, race, model_type, size, targetable, show_name, command_primary, command_secondary, visual_state, attackable, show_level, show_command_icon, display_hand_icon, faction_id, collision_radius, hp, power, prefix, suffix, last_name) values(5890770, 'a counter', 255, 23841, 32, 1, 0, 0, 0, 0, 0, 0, 0, 0, 0, 0, 26, 26, '', '', '');
insert into spawn_objects (spawn_id) values(5890770);
insert into spawn_location_name (id, name) values(133769510, 'qeynos_harvest_faire');
insert into spawn_location_entry (spawn_id, spawn_location_id, spawnpercentage) values(5890770, 133769510, 100);
insert into spawn_location_placement (zone_id, spawn_location_id, x, y, z, x_offset, y_offset, z_offset, heading, grid_id) values(589, 133769510, 410.824646, -20.873714, -201.434723, 0.000000, 0.000000, 0.000000, 47.656250, 23056599);
update spawn_location_placement set x=420.221985, y=-20.942600, z=-200.621994, heading=335.718750, x_offset=0.000000, y_offset=0.000000, z_offset=0.000000, respawn=3600, expire_timer=0, expire_offset=0, grid_id=23056599, pitch=0.000000, roll=90.000000 where id = 1587899;
update spawn_location_placement set x=420.952667, y=-20.942539, z=-199.938034, heading=335.718750, x_offset=0.000000, y_offset=0.000000, z_offset=0.000000, respawn=3600, expire_timer=0, expire_offset=0, grid_id=23056599, pitch=0.000000, roll=90.000000 where id = 1587899;
update spawn_location_placement set x=418.587524, y=-20.897430, z=-199.544128, heading=19.437500, x_offset=0.000000, y_offset=0.000000, z_offset=0.000000, respawn=3600, expire_timer=0, expire_offset=0, grid_id=23056599, pitch=0.000000, roll=0.000000 where id = 1587900;
update spawn_location_placement set x=418.797089, y=-20.941769, z=-200.950943, heading=28.234375, x_offset=0.000000, y_offset=0.000000, z_offset=0.000000, respawn=3600, expire_timer=0, expire_offset=0, grid_id=23056599, pitch=0.000000, roll=0.000000 where id = 1587901;
update spawn_location_placement set x=431.907257, y=-21.302540, z=-250.803146, heading=222.406250, x_offset=0.000000, y_offset=0.000000, z_offset=0.000000, respawn=300, expire_timer=0, expire_offset=0, grid_id=23056599, pitch=0.000000, roll=0.000000 where id = 571332;
update spawn_location_placement set x=448.890930, y=-20.409288, z=-268.331146, heading=191.156250, x_offset=0.000000, y_offset=0.000000, z_offset=0.000000, respawn=300, expire_timer=0, expire_offset=0, grid_id=23056599, pitch=0.000000, roll=0.000000 where id = 570907;
update spawn_location_placement set x=448.949341, y=-20.417360, z=-268.624603, heading=191.156250, x_offset=0.000000, y_offset=0.000000, z_offset=0.000000, respawn=300, expire_timer=0, expire_offset=0, grid_id=23056599, pitch=0.000000, roll=0.000000 where id = 570907;
update spawn_npcs, spawn set name='a Qeynos resident', min_level=1, max_level=1, enc_level=6, race=15, model_type=114, class_=3, gender=1, show_name=1, attackable=0, show_level=0, targetable=1, show_command_icon=1, display_hand_icon=0, hair_type_id=1136, facial_hair_type_id=0, wing_type_id=0, chest_type_id=5577, legs_type_id=5578, soga_hair_type_id=1136, soga_facial_hair_type_id=0, soga_model_type=114, size=29, hp=16, heroic_flag=0, power=16, collision_radius=34, command_primary=9, command_secondary=0, visual_state=0, action_state=2, mood_state=0, initial_state=16512, activity_status=0, alignment=0, faction_id=0, hide_hood=0, emote_state=0, suffix ='', prefix='', last_name='' where spawn_npcs.spawn_id = spawn.id and spawn.id = 5890196;
update spawn_npcs, spawn set name='a Qeynos resident', min_level=1, max_level=1, enc_level=6, race=15, model_type=114, class_=3, gender=1, show_name=1, attackable=0, show_level=0, targetable=1, show_command_icon=1, display_hand_icon=0, hair_type_id=1136, facial_hair_type_id=0, wing_type_id=0, chest_type_id=5577, legs_type_id=5578, soga_hair_type_id=1136, soga_facial_hair_type_id=0, soga_model_type=114, size=29, hp=16, heroic_flag=0, power=16, collision_radius=34, command_primary=9, command_secondary=0, visual_state=0, action_state=0, mood_state=0, initial_state=16512, activity_status=0, alignment=0, faction_id=0, hide_hood=0, emote_state=0, suffix ='', prefix='', last_name='' where spawn_npcs.spawn_id = spawn.id and spawn.id = 5890196;
update spawn_npcs, spawn set name='a Qeynos resident', min_level=1, max_level=1, enc_level=6, race=15, model_type=114, class_=3, gender=1, show_name=1, attackable=0, show_level=0, targetable=1, show_command_icon=1, display_hand_icon=0, hair_type_id=1136, facial_hair_type_id=0, wing_type_id=0, chest_type_id=5577, legs_type_id=5578, soga_hair_type_id=1136, soga_facial_hair_type_id=0, soga_model_type=114, size=29, hp=16, heroic_flag=0, power=16, collision_radius=34, command_primary=9, command_secondary=0, visual_state=0, action_state=4, mood_state=0, initial_state=16512, activity_status=0, alignment=0, faction_id=0, hide_hood=0, emote_state=0, suffix ='', prefix='', last_name='' where spawn_npcs.spawn_id = spawn.id and spawn.id = 5890196;
update spawn_npcs, spawn set name='a Qeynos resident', min_level=1, max_level=1, enc_level=6, race=15, model_type=114, class_=3, gender=1, show_name=1, attackable=0, show_level=0, targetable=1, show_command_icon=1, display_hand_icon=0, hair_type_id=1136, facial_hair_type_id=0, wing_type_id=0, chest_type_id=5577, legs_type_id=5578, soga_hair_type_id=1136, soga_facial_hair_type_id=0, soga_model_type=114, size=29, hp=16, heroic_flag=0, power=16, collision_radius=34, command_primary=9, command_secondary=0, visual_state=0, action_state=42, mood_state=0, initial_state=16512, activity_status=0, alignment=0, faction_id=0, hide_hood=0, emote_state=0, suffix ='', prefix='', last_name='' where spawn_npcs.spawn_id = spawn.id and spawn.id = 5890196;
update spawn_npcs, spawn set name='a Qeynos resident', min_level=1, max_level=1, enc_level=6, race=15, model_type=114, class_=3, gender=1, show_name=1, attackable=0, show_level=0, targetable=1, show_command_icon=1, display_hand_icon=0, hair_type_id=1136, facial_hair_type_id=0, wing_type_id=0, chest_type_id=5577, legs_type_id=5578, soga_hair_type_id=1136, soga_facial_hair_type_id=0, soga_model_type=114, size=29, hp=16, heroic_flag=0, power=16, collision_radius=34, command_primary=9, command_secondary=0, visual_state=0, action_state=64, mood_state=0, initial_state=16512, activity_status=0, alignment=0, faction_id=0, hide_hood=0, emote_state=0, suffix ='', prefix='', last_name='' where spawn_npcs.spawn_id = spawn.id and spawn.id = 5890196;
update spawn_objects, spawn set name='qey_roadside_post01', model_type=30, show_name=0, targetable=1, size=32, command_primary=0, command_secondary=0, visual_state=0, attackable=1, show_level=0, show_command_icon=0, display_hand_icon=0, collision_radius=76, hp = 0, power = 0, device_id = 0 where spawn_objects.spawn_id = spawn.id and spawn.id = 5890673;
update spawn_location_placement set x=861.048279, y=-25.514502, z=46.827610, heading=272.312500, x_offset=0.000000, y_offset=0.000000, z_offset=0.000000, respawn=300, expire_timer=0, expire_offset=0, grid_id=2539327925, pitch=0.000000, roll=0.000000 where id = 570582;
update spawn_location_placement set x=871.754089, y=-25.506439, z=36.891602, heading=54.937500, x_offset=0.000000, y_offset=0.000000, z_offset=0.000000, respawn=300, expire_timer=0, expire_offset=0, grid_id=2539327925, pitch=0.000000, roll=0.000000 where id = 257823;
update spawn_location_placement set x=870.428955, y=-25.514481, z=36.838493, heading=260.312500, x_offset=0.000000, y_offset=0.000000, z_offset=0.000000, respawn=300, expire_timer=0, expire_offset=0, grid_id=2539327925, pitch=0.000000, roll=0.000000 where id = 570582;
delete FROM spawn_location_placement where spawn_location_id=570623;
delete FROM spawn_location_name where id=570623;
delete FROM spawn_location_entry where spawn_id=6600314 and spawn_location_id = 570623;
update spawn_location_placement set x=911.863403, y=-25.464378, z=72.933571, heading=266.000000, x_offset=0.000000, y_offset=0.000000, z_offset=0.000000, respawn=300, expire_timer=0, expire_offset=0, grid_id=2496635481, pitch=0.000000, roll=0.000000 where id = 571691;
insert into spawn (id, name, race, model_type, size, targetable, show_name, command_primary, command_secondary, visual_state, attackable, show_level, show_command_icon, display_hand_icon, faction_id, collision_radius, hp, power, prefix, suffix, last_name) values(6600637, 'dortha_mount_appearance', 255, 2364, 32, 1, 0, 0, 0, 0, 0, 0, 0, 0, 0, 0, 26, 26, '', '', '');
insert into spawn_objects (spawn_id) values(6600637);
insert into spawn_location_name (id, name) values(133769511, 'dortha_mount');
insert into spawn_location_entry (spawn_id, spawn_location_id, spawnpercentage) values(6600637, 133769511, 100);
insert into spawn_location_placement (zone_id, spawn_location_id, x, y, z, x_offset, y_offset, z_offset, heading, grid_id) values(660, 133769511, 911.464966, -25.473156, 71.550232, 0.000000, 0.000000, 0.000000, 242.109375, 2496635481);
update spawn_location_placement set x=911.642761, y=-25.473198, z=70.653900, heading=242.093750, x_offset=0.000000, y_offset=0.000000, z_offset=0.000000, respawn=3600, expire_timer=0, expire_offset=0, grid_id=2496635481, pitch=0.000000, roll=0.000000 where id = 1587903;
update spawn_location_placement set x=912.490662, y=-25.473217, z=71.949898, heading=266.000000, x_offset=0.000000, y_offset=0.000000, z_offset=0.000000, respawn=300, expire_timer=0, expire_offset=0, grid_id=2496635481, pitch=0.000000, roll=0.000000 where id = 571691;
update spawn_location_placement set x=928.597107, y=-25.449623, z=48.675289, heading=247.187500, x_offset=0.000000, y_offset=0.000000, z_offset=0.000000, respawn=300, expire_timer=0, expire_offset=0, grid_id=2496635481, pitch=0.000000, roll=0.000000 where id = 570847;
