INSERT INTO spawn_location_group (group_id, placement_id, name) SELECT IF(ISNULL(MAX(group_id))=1, 100000, MAX(group_id)+1), 1587830, 'QC050_01_ATaintedSapswillScout133769438' FROM spawn_location_group;
insert ignore into spawn_location_group (group_id, placement_id) values(1045141, 1587829);
insert into spawn_location_name (id, name) values(133769439, 'QueensColony_ATaintedSapswillScout');
insert into spawn_location_entry (spawn_id, spawn_location_id, spawnpercentage) values(2530018, 133769439, 100);
insert into spawn_location_placement (zone_id, spawn_location_id, x, y, z, x_offset, y_offset, z_offset, heading, grid_id) values(253, 133769439, 225.590042, -3.822650, -29.011438, 0.000000, 0.000000, 0.000000, 173.609375, 1246288135);
INSERT INTO spawn_location_group (group_id, placement_id, name) SELECT IF(ISNULL(MAX(group_id))=1, 100000, MAX(group_id)+1), 1587831, 'QC050_03_ATaintedSapswillScout133769439' FROM spawn_location_group;
insert into spawn_location_name (id, name) values(133769440, 'QueensColony_AMorakDevourer');
insert into spawn_location_entry (spawn_id, spawn_location_id, spawnpercentage) values(2530015, 133769440, 100);
insert into spawn_location_placement (zone_id, spawn_location_id, x, y, z, x_offset, y_offset, z_offset, heading, grid_id) values(253, 133769440, 234.499237, -3.855719, -27.891279, 0.000000, 0.000000, 0.000000, 294.328125, 1246288135);
insert ignore into spawn_location_group (group_id, placement_id) values(1045142, 1587832);
delete FROM spawn_location_placement where spawn_location_id=486575;
delete FROM spawn_location_name where id=486575;
delete FROM spawn_location_entry where spawn_id=170072 and spawn_location_id = 486575;
insert into spawn_location_name (id, name) values(133769441, 'QueensColony_ATaintedSapswillFighter');
insert into spawn_location_entry (spawn_id, spawn_location_id, spawnpercentage) values(2530019, 133769441, 100);
insert into spawn_location_placement (zone_id, spawn_location_id, x, y, z, x_offset, y_offset, z_offset, heading, grid_id) values(253, 133769441, 240.699997, -3.881746, -12.947582, 0.000000, 0.000000, 0.000000, 63.234375, 1246288135);
insert into spawn_location_name (id, name) values(133769442, 'QueensColony_ADefiledSoldier');
insert into spawn_location_entry (spawn_id, spawn_location_id, spawnpercentage) values(2530024, 133769442, 100);
insert into spawn_location_placement (zone_id, spawn_location_id, x, y, z, x_offset, y_offset, z_offset, heading, grid_id) values(253, 133769442, 240.359985, -3.880945, -10.819330, 0.000000, 0.000000, 0.000000, 36.859375, 1246288135);
INSERT INTO spawn_location_group (group_id, placement_id, name) SELECT IF(ISNULL(MAX(group_id))=1, 100000, MAX(group_id)+1), 1587833, 'QC050_02_ATaintedSapswillFighter133769441' FROM spawn_location_group;
insert ignore into spawn_location_group (group_id, placement_id) values(1045143, 1587834);
insert into spawn_location_name (id, name) values(133769443, 'QueensColony_ATaintedSapswillScout');
insert into spawn_location_entry (spawn_id, spawn_location_id, spawnpercentage) values(2530018, 133769443, 100);
insert into spawn_location_placement (zone_id, spawn_location_id, x, y, z, x_offset, y_offset, z_offset, heading, grid_id) values(253, 133769443, 226.591797, -4.129583, -4.159979, 0.000000, 0.000000, 0.000000, 342.187500, 1246288135);
INSERT INTO spawn_location_group (group_id, placement_id, name) SELECT IF(ISNULL(MAX(group_id))=1, 100000, MAX(group_id)+1), 1587835, 'QC050_01_ATaintedSapswillScout133769443' FROM spawn_location_group;
insert into spawn_location_name (id, name) values(133769444, 'QueensColony_AMorakDevourer');
insert into spawn_location_entry (spawn_id, spawn_location_id, spawnpercentage) values(2530015, 133769444, 100);
insert into spawn_location_placement (zone_id, spawn_location_id, x, y, z, x_offset, y_offset, z_offset, heading, grid_id) values(253, 133769444, 222.420364, -4.303903, -5.607279, 0.000000, 0.000000, 0.000000, 349.203125, 1246288135);
insert ignore into spawn_location_group (group_id, placement_id) values(1045144, 1587836);
insert into spawn_location_name (id, name) values(133769445, 'QueensColony_ATaintedSapswillScout');
insert into spawn_location_entry (spawn_id, spawn_location_id, spawnpercentage) values(2530018, 133769445, 100);
insert into spawn_location_placement (zone_id, spawn_location_id, x, y, z, x_offset, y_offset, z_offset, heading, grid_id) values(253, 133769445, 225.959351, -3.824361, -31.954939, 0.000000, 0.000000, 0.000000, 161.218750, 1246288135);
INSERT INTO spawn_location_group (group_id, placement_id, name) SELECT IF(ISNULL(MAX(group_id))=1, 100000, MAX(group_id)+1), 1587837, 'QC050_03_ATaintedSapswillScout133769445' FROM spawn_location_group;
insert into spawn_location_name (id, name) values(133769446, 'QueensColony_AMorakDevourer');
insert into spawn_location_entry (spawn_id, spawn_location_id, spawnpercentage) values(2530015, 133769446, 100);
insert into spawn_location_placement (zone_id, spawn_location_id, x, y, z, x_offset, y_offset, z_offset, heading, grid_id) values(253, 133769446, 225.632874, -3.822653, -30.306940, 0.000000, 0.000000, 0.000000, 162.265625, 1246288135);
insert ignore into spawn_location_group (group_id, placement_id) values(1045145, 1587838);
insert into spawn_location_name (id, name) values(133769447, 'QueensColony_ATaintedSapswillFighter');
insert into spawn_location_entry (spawn_id, spawn_location_id, spawnpercentage) values(2530019, 133769447, 100);
insert into spawn_location_placement (zone_id, spawn_location_id, x, y, z, x_offset, y_offset, z_offset, heading, grid_id) values(253, 133769447, 241.707306, -3.885560, -12.469873, 0.000000, 0.000000, 0.000000, 60.750000, 1246288135);
INSERT INTO spawn_location_group (group_id, placement_id, name) SELECT IF(ISNULL(MAX(group_id))=1, 100000, MAX(group_id)+1), 1587839, 'QC050_02_ATaintedSapswillFighter133769447' FROM spawn_location_group;
insert into spawn_location_name (id, name) values(133769448, 'QueensColony_ADefiledSoldier');
insert into spawn_location_entry (spawn_id, spawn_location_id, spawnpercentage) values(2530024, 133769448, 100);
insert into spawn_location_placement (zone_id, spawn_location_id, x, y, z, x_offset, y_offset, z_offset, heading, grid_id) values(253, 133769448, 241.188385, -3.883594, -12.724431, 0.000000, 0.000000, 0.000000, 61.656250, 1246288135);
insert ignore into spawn_location_group (group_id, placement_id) values(1045146, 1587840);
