insert into spawn_location_name (id, name) values(133769433, 'QueensColony_ATaintedSapswillScout');
insert into spawn_location_entry (spawn_id, spawn_location_id, spawnpercentage) values(2530018, 133769433, 100);
insert into spawn_location_placement (zone_id, spawn_location_id, x, y, z, x_offset, y_offset, z_offset, heading, grid_id) values(253, 133769433, 225.690735, -3.822854, -29.798380, 0.000000, 0.000000, 0.000000, 172.828125, 1246288135);
INSERT INTO spawn_location_group (group_id, placement_id, name) SELECT IF(ISNULL(MAX(group_id))=1, 100000, MAX(group_id)+1), 1587825, 'QC050_03_ATaintedSapswillScout133769433' FROM spawn_location_group;
insert into spawn_location_name (id, name) values(133769434, 'QueensColony_AMorakDevourer');
insert into spawn_location_entry (spawn_id, spawn_location_id, spawnpercentage) values(2530015, 133769434, 100);
insert into spawn_location_placement (zone_id, spawn_location_id, x, y, z, x_offset, y_offset, z_offset, heading, grid_id) values(253, 133769434, 226.593933, -3.826376, -28.888111, 0.000000, 0.000000, 0.000000, 187.734375, 1246288135);
insert ignore into spawn_location_group (group_id, placement_id) values(1045139, 1587826);
UPDATE zones SET login_checksum = CRC32(CRC32(id) + CRC32(`name`) + CRC32(`file`) + CRC32(description));
insert into spawn_location_name (id, name) values(133769435, 'QueensColony_ATaintedSapswillFighter');
insert into spawn_location_entry (spawn_id, spawn_location_id, spawnpercentage) values(2530019, 133769435, 100);
insert into spawn_location_placement (zone_id, spawn_location_id, x, y, z, x_offset, y_offset, z_offset, heading, grid_id) values(253, 133769435, 236.825256, -4.751894, -13.989378, 0.000000, 0.000000, 0.000000, 78.968750, 1246288135);
INSERT INTO spawn_location_group (group_id, placement_id, name) SELECT IF(ISNULL(MAX(group_id))=1, 100000, MAX(group_id)+1), 1587827, 'QC050_02_ATaintedSapswillFighter133769435' FROM spawn_location_group;
insert into spawn_location_name (id, name) values(133769436, 'QueensColony_ADefiledPriest');
insert into spawn_location_entry (spawn_id, spawn_location_id, spawnpercentage) values(2530031, 133769436, 100);
insert into spawn_location_placement (zone_id, spawn_location_id, x, y, z, x_offset, y_offset, z_offset, heading, grid_id) values(253, 133769436, 240.168732, -3.879734, -13.204515, 0.000000, 0.000000, 0.000000, 56.890625, 1246288135);
insert ignore into spawn_location_group (group_id, placement_id) values(1045140, 1587828);
insert into spawn_location_name (id, name) values(133769437, 'QueensColony_AMorakDevourer');
insert into spawn_location_entry (spawn_id, spawn_location_id, spawnpercentage) values(2530015, 133769437, 100);
insert into spawn_location_placement (zone_id, spawn_location_id, x, y, z, x_offset, y_offset, z_offset, heading, grid_id) values(253, 133769437, 225.084763, -4.136828, -4.230577, 0.000000, 0.000000, 0.000000, 325.531250, 1246288135);
delete FROM spawn_location_placement where spawn_location_id=418413;
delete FROM spawn_location_name where id=418413;
delete FROM spawn_location_entry where spawn_id=4270058 and spawn_location_id = 418413;
delete FROM spawn_location_placement where spawn_location_id=418408;
delete FROM spawn_location_name where id=418408;
delete FROM spawn_location_entry where spawn_id=4270058 and spawn_location_id = 418408;
delete FROM spawn_location_placement where spawn_location_id=418497;
delete FROM spawn_location_name where id=418497;
delete FROM spawn_location_entry where spawn_id=4270132 and spawn_location_id = 418497;
insert into spawn_location_name (id, name) values(133769438, 'QueensColony_ATaintedSapswillScout');
insert into spawn_location_entry (spawn_id, spawn_location_id, spawnpercentage) values(2530018, 133769438, 100);
insert into spawn_location_placement (zone_id, spawn_location_id, x, y, z, x_offset, y_offset, z_offset, heading, grid_id) values(253, 133769438, 222.598083, -4.254864, -5.253613, 0.000000, 0.000000, 0.000000, 314.187500, 1246288135);
