insert into spawn_location_name (id, name) values(1587581, 'QueensColony_AToxicCrawler');
insert into spawn_location_entry (spawn_id, spawn_location_id, spawnpercentage) values(2530201, 1587581, 100);
insert into spawn_location_placement (zone_id, spawn_location_id, x, y, z, x_offset, y_offset, z_offset, heading, grid_id) values(253, 1587581, 120.288307, 1.535924, 109.741302, 0.000000, 0.000000, 0.000000, 168.593750, 3146737430);
insert ignore into spawn_location_group (group_id, placement_id) values(1044997, 1587653);
insert into spawn_location_name (id, name) values(1587582, 'QueensColony_AToxicCrawler');
insert into spawn_location_entry (spawn_id, spawn_location_id, spawnpercentage) values(2530202, 1587582, 100);
insert into spawn_location_placement (zone_id, spawn_location_id, x, y, z, x_offset, y_offset, z_offset, heading, grid_id) values(253, 1587582, 120.271820, 1.535908, 110.102417, 0.000000, 0.000000, 0.000000, 168.609375, 3146737430);
INSERT INTO spawn_location_group (group_id, placement_id, name) SELECT IF(ISNULL(MAX(group_id))=1, 100000, MAX(group_id)+1), 1587654, 'QC037_01_AToxicCrawler1587582' FROM spawn_location_group;
insert into spawn_location_name (id, name) values(1587583, 'QueensColony_AToxicCrawler');
insert into spawn_location_entry (spawn_id, spawn_location_id, spawnpercentage) values(2530201, 1587583, 100);
insert into spawn_location_placement (zone_id, spawn_location_id, x, y, z, x_offset, y_offset, z_offset, heading, grid_id) values(253, 1587583, 119.720894, 1.538425, 107.814148, 0.000000, 0.000000, 0.000000, 167.890625, 3146737430);
insert ignore into spawn_location_group (group_id, placement_id) values(1044998, 1587655);
insert into spawn_location_name (id, name) values(1587584, 'QueensColony_AToxicCrawler');
insert into spawn_location_entry (spawn_id, spawn_location_id, spawnpercentage) values(2530201, 1587584, 100);
insert into spawn_location_placement (zone_id, spawn_location_id, x, y, z, x_offset, y_offset, z_offset, heading, grid_id) values(253, 1587584, 119.772369, 1.537739, 110.145325, 0.000000, 0.000000, 0.000000, 172.906250, 3146737430);
INSERT INTO spawn_location_group (group_id, placement_id, name) SELECT IF(ISNULL(MAX(group_id))=1, 100000, MAX(group_id)+1), 1587656, 'QC037_01_AToxicCrawler1587584' FROM spawn_location_group;
insert into spawn_location_name (id, name) values(1587585, 'QueensColony_AToxicCrawler');
insert into spawn_location_entry (spawn_id, spawn_location_id, spawnpercentage) values(2530201, 1587585, 100);
insert into spawn_location_placement (zone_id, spawn_location_id, x, y, z, x_offset, y_offset, z_offset, heading, grid_id) values(253, 1587585, 108.449501, 1.378846, 109.294075, 0.000000, 0.000000, 0.000000, 206.109375, 3146737430);
insert ignore into spawn_location_group (group_id, placement_id) values(1045000, 0);
insert into spawn_location_name (id, name) values(1587586, 'QueensColony_AToxicCrawler');
insert into spawn_location_entry (spawn_id, spawn_location_id, spawnpercentage) values(2530201, 1587586, 100);
insert into spawn_location_placement (zone_id, spawn_location_id, x, y, z, x_offset, y_offset, z_offset, heading, grid_id) values(253, 1587586, 108.539742, 1.378469, 109.499924, 0.000000, 0.000000, 0.000000, 205.703125, 3146737430);
insert ignore into spawn_location_group (group_id, placement_id) values(1045002, 0);
insert ignore into spawn_location_group (group_id, placement_id) values(1045002, 1587658);
insert into spawn_location_name (id, name) values(1587587, 'QueensColony_AToxicCrawler');
insert into spawn_location_entry (spawn_id, spawn_location_id, spawnpercentage) values(2530201, 1587587, 100);
insert into spawn_location_placement (zone_id, spawn_location_id, x, y, z, x_offset, y_offset, z_offset, heading, grid_id) values(253, 1587587, 105.750404, 1.587031, 119.485275, 0.000000, 0.000000, 0.000000, 291.000000, 3146737430);
insert ignore into spawn_location_group (group_id, placement_id) values(1045003, 1587659);
insert ignore into spawn_location_group_associations (group_id1, group_id2) values(1044997, 1044996);
insert ignore into spawn_location_group_associations (group_id1, group_id2) values(1044998, 1044996);
insert ignore into spawn_location_group_associations (group_id1, group_id2) values(1044999, 1044996);
insert ignore into spawn_location_group_associations (group_id1, group_id2) values(1045000, 1044996);
insert ignore into spawn_location_group_associations (group_id1, group_id2) values(1045002, 1044996);
insert ignore into spawn_location_group_associations (group_id1, group_id2) values(1045003, 1044996);
insert ignore into spawn_location_group (group_id, placement_id) values(1045000, 1587657);
