insert into spawn_location_name (id, name) values(133769471, 'QueensColony_AMorakDevourer');
insert into spawn_location_entry (spawn_id, spawn_location_id, spawnpercentage) values(2530015, 133769471, 100);
insert into spawn_location_placement (zone_id, spawn_location_id, x, y, z, x_offset, y_offset, z_offset, heading, grid_id) values(253, 133769471, 256.300171, -4.015720, -7.649815, 0.000000, 0.000000, 0.000000, 283.734375, 1246288135);
INSERT INTO spawn_location_group (group_id, placement_id, name) SELECT IF(ISNULL(MAX(group_id))=1, 100000, MAX(group_id)+1), 1587863, 'QC049_01_AMorakDevourer133769471' FROM spawn_location_group;
insert into spawn_location_name (id, name) values(133769472, 'QueensColony_AMorakDevourer');
insert into spawn_location_entry (spawn_id, spawn_location_id, spawnpercentage) values(2530015, 133769472, 100);
insert into spawn_location_placement (zone_id, spawn_location_id, x, y, z, x_offset, y_offset, z_offset, heading, grid_id) values(253, 133769472, 256.342224, -4.028090, -7.782756, 0.000000, 0.000000, 0.000000, 274.343750, 1246288135);
insert ignore into spawn_location_group (group_id, placement_id) values(1045155, 1587864);
insert into spawn_location_name (id, name) values(133769473, 'QueensColony_AMorakDevourer');
insert into spawn_location_entry (spawn_id, spawn_location_id, spawnpercentage) values(2530015, 133769473, 100);
insert into spawn_location_placement (zone_id, spawn_location_id, x, y, z, x_offset, y_offset, z_offset, heading, grid_id) values(253, 133769473, 255.543274, -3.937214, -9.346729, 0.000000, 0.000000, 0.000000, 257.437500, 1246288135);
insert ignore into spawn_location_group (group_id, placement_id) values(1045155, 1587865);
insert into spawn_location_name (id, name) values(133769474, 'QueensColony_AMorakDevourer');
insert into spawn_location_entry (spawn_id, spawn_location_id, spawnpercentage) values(2530015, 133769474, 100);
insert into spawn_location_placement (zone_id, spawn_location_id, x, y, z, x_offset, y_offset, z_offset, heading, grid_id) values(253, 133769474, 262.206390, -1.426684, -58.836159, 0.000000, 0.000000, 0.000000, 285.937500, 1246288135);
INSERT INTO spawn_location_group (group_id, placement_id, name) SELECT IF(ISNULL(MAX(group_id))=1, 100000, MAX(group_id)+1), 1587866, 'QC051_01_AMorakDevourer133769474' FROM spawn_location_group;
insert into spawn_location_name (id, name) values(133769475, 'QueensColony_AMorakDevourer');
insert into spawn_location_entry (spawn_id, spawn_location_id, spawnpercentage) values(2530015, 133769475, 100);
insert into spawn_location_placement (zone_id, spawn_location_id, x, y, z, x_offset, y_offset, z_offset, heading, grid_id) values(253, 133769475, 263.232117, -1.527119, -59.466003, 0.000000, 0.000000, 0.000000, 280.234375, 1246288135);
insert ignore into spawn_location_group (group_id, placement_id) values(1045156, 1587867);
