insert into spawn_location_name (id, name) values(133769493, 'QueensColony_AMorakDevourer');
insert into spawn_location_entry (spawn_id, spawn_location_id, spawnpercentage) values(2530015, 133769493, 100);
insert into spawn_location_placement (zone_id, spawn_location_id, x, y, z, x_offset, y_offset, z_offset, heading, grid_id) values(253, 133769493, 273.864899, -1.564314, -68.808723, 0.000000, 0.000000, 0.000000, 135.062500, 1246288135);
INSERT INTO spawn_location_group (group_id, placement_id, name) SELECT IF(ISNULL(MAX(group_id))=1, 100000, MAX(group_id)+1), 1587885, 'QC051_01_AMorakDevourer133769493' FROM spawn_location_group;
insert into spawn_location_name (id, name) values(133769494, 'QueensColony_AMorakDevourer');
insert into spawn_location_entry (spawn_id, spawn_location_id, spawnpercentage) values(2530015, 133769494, 100);
insert into spawn_location_placement (zone_id, spawn_location_id, x, y, z, x_offset, y_offset, z_offset, heading, grid_id) values(253, 133769494, 272.350006, -1.558661, -69.138504, 0.000000, 0.000000, 0.000000, 108.062500, 1246288135);
insert ignore into spawn_location_group (group_id, placement_id) values(1045164, 1587886);
insert into spawn_location_name (id, name) values(133769495, 'QueensColony_AMorakDevourer');
insert into spawn_location_entry (spawn_id, spawn_location_id, spawnpercentage) values(2530015, 133769495, 100);
insert into spawn_location_placement (zone_id, spawn_location_id, x, y, z, x_offset, y_offset, z_offset, heading, grid_id) values(253, 133769495, 259.284210, -4.881170, -12.170141, 0.000000, 0.000000, 0.000000, 241.000000, 1246288135);
INSERT INTO spawn_location_group (group_id, placement_id, name) SELECT IF(ISNULL(MAX(group_id))=1, 100000, MAX(group_id)+1), 1587887, 'QC049_01_AMorakDevourer133769495' FROM spawn_location_group;
insert into spawn_location_name (id, name) values(133769496, 'QueensColony_AMorakDevourer');
insert into spawn_location_entry (spawn_id, spawn_location_id, spawnpercentage) values(2530015, 133769496, 100);
insert into spawn_location_placement (zone_id, spawn_location_id, x, y, z, x_offset, y_offset, z_offset, heading, grid_id) values(253, 133769496, 260.444489, -4.003378, 1.497346, 0.000000, 0.000000, 0.000000, 312.515625, 1246288135);
insert ignore into spawn_location_group (group_id, placement_id) values(1045165, 1587888);
insert into spawn_location_name (id, name) values(133769497, 'QueensColony_AMorakDevourer');
insert into spawn_location_entry (spawn_id, spawn_location_id, spawnpercentage) values(2530015, 133769497, 100);
insert into spawn_location_placement (zone_id, spawn_location_id, x, y, z, x_offset, y_offset, z_offset, heading, grid_id) values(253, 133769497, 268.430084, -4.655261, 0.243700, 0.000000, 0.000000, 0.000000, 342.671875, 1246288135);
insert ignore into spawn_location_group (group_id, placement_id) values(1045165, 1587889);
