insert into spawn (id, name, race, model_type, size, targetable, show_name, command_primary, command_secondary, visual_state, attackable, show_level, show_command_icon, display_hand_icon, faction_id, collision_radius, hp, power, prefix, suffix, last_name) values(5590952, 'ThievesWay', 255, 16597, 32, 1, 0, 0, 0, 0, 0, 0, 0, 0, 0, 0, 1, 1, '', '', '');
insert into spawn_objects (spawn_id) values(5590952);
insert into spawn_location_name (id, name) values(133769459, 'new');
insert into spawn_location_entry (spawn_id, spawn_location_id, spawnpercentage) values(5590952, 133769459, 100);
insert into spawn_location_placement (zone_id, spawn_location_id, x, y, z, x_offset, y_offset, z_offset, heading, grid_id) values(559, 133769459, -121.691040, -37.834400, -21.348387, 0.000000, 0.000000, 0.000000, 78.531250, 1576854799);
delete FROM spawn_location_placement where spawn_location_id=133769459;
delete FROM spawn_location_entry where spawn_id=5590952 and spawn_location_id = 133769459;
insert into spawn_location_name (id, name) values(133769460, 'new');
insert into spawn_location_entry (spawn_id, spawn_location_id, spawnpercentage) values(5590869, 133769460, 100);
insert into spawn_location_placement (zone_id, spawn_location_id, x, y, z, x_offset, y_offset, z_offset, heading, grid_id) values(559, 133769460, -123.907043, -37.832180, -21.090300, 0.000000, 0.000000, 0.000000, 75.765625, 1576854799);
insert into spawn_location_name (id, name) values(133769461, 'new');
insert into spawn_location_entry (spawn_id, spawn_location_id, spawnpercentage) values(5590869, 133769461, 100);
insert into spawn_location_placement (zone_id, spawn_location_id, x, y, z, x_offset, y_offset, z_offset, heading, grid_id) values(559, 133769461, 303.223267, -3.770769, -22.045675, 0.000000, 0.000000, 0.000000, 301.578125, 704110758);
insert into spawn_location_name (id, name) values(133769462, 'QueensColony_ADefiledScout');
insert into spawn_location_entry (spawn_id, spawn_location_id, spawnpercentage) values(2530018, 133769462, 100);
insert into spawn_location_placement (zone_id, spawn_location_id, x, y, z, x_offset, y_offset, z_offset, heading, grid_id) values(253, 133769462, 227.426270, -3.828738, -32.896790, 0.000000, 0.000000, 0.000000, 158.171875, 1246288135);
INSERT INTO spawn_location_group (group_id, placement_id, name) SELECT IF(ISNULL(MAX(group_id))=1, 100000, MAX(group_id)+1), 1587854, 'QC050_03_ATaintedSapswillScout133769462' FROM spawn_location_group;
insert into spawn_location_name (id, name) values(133769463, 'QueensColony_AMorakDevourer');
insert into spawn_location_entry (spawn_id, spawn_location_id, spawnpercentage) values(2530015, 133769463, 100);
insert into spawn_location_placement (zone_id, spawn_location_id, x, y, z, x_offset, y_offset, z_offset, heading, grid_id) values(253, 133769463, 229.351730, -3.835410, -34.188534, 0.000000, 0.000000, 0.000000, 133.484375, 1246288135);
insert ignore into spawn_location_group (group_id, placement_id) values(1045151, 1587855);
insert into spawn_location_name (id, name) values(133769464, 'QueensColony_ATaintedSapswillFighter');
insert into spawn_location_entry (spawn_id, spawn_location_id, spawnpercentage) values(2530019, 133769464, 100);
insert into spawn_location_placement (zone_id, spawn_location_id, x, y, z, x_offset, y_offset, z_offset, heading, grid_id) values(253, 133769464, 241.431351, -3.884820, -11.169010, 0.000000, 0.000000, 0.000000, 57.453125, 1246288135);
INSERT INTO spawn_location_group (group_id, placement_id, name) SELECT IF(ISNULL(MAX(group_id))=1, 100000, MAX(group_id)+1), 1587856, 'QC050_02_ATaintedSapswillFighter133769464' FROM spawn_location_group;
insert into spawn_location_name (id, name) values(133769465, 'QueensColony_ADefiledMage');
insert into spawn_location_entry (spawn_id, spawn_location_id, spawnpercentage) values(2530030, 133769465, 100);
insert into spawn_location_placement (zone_id, spawn_location_id, x, y, z, x_offset, y_offset, z_offset, heading, grid_id) values(253, 133769465, 240.383560, -3.880755, -12.123839, 0.000000, 0.000000, 0.000000, 58.796875, 1246288135);
insert ignore into spawn_location_group (group_id, placement_id) values(1045152, 1587857);
