INSERT INTO spawn_location_group (group_id, placement_id, name) SELECT IF(ISNULL(MAX(group_id))=1, 100000, MAX(group_id)+1), 1587627, 'QC036_01_AToxicCrawler1587555' FROM spawn_location_group;
insert into spawn_location_name (id, name) values(1587557, 'QueensColony_AToxicCrawler');
insert into spawn_location_entry (spawn_id, spawn_location_id, spawnpercentage) values(2530201, 1587557, 100);
insert into spawn_location_placement (zone_id, spawn_location_id, x, y, z, x_offset, y_offset, z_offset, heading, grid_id) values(253, 1587557, 100.547905, 1.649171, 99.306183, 0.000000, 0.000000, 0.000000, 47.218750, 3146737430);
INSERT INTO spawn_location_group (group_id, placement_id, name) SELECT IF(ISNULL(MAX(group_id))=1, 100000, MAX(group_id)+1), 1587629, 'QC036_01_AToxicCrawler1587557' FROM spawn_location_group;
insert into spawn_location_name (id, name) values(1587558, 'QueensColony_AToxicCrawler');
insert into spawn_location_entry (spawn_id, spawn_location_id, spawnpercentage) values(2530201, 1587558, 100);
insert into spawn_location_placement (zone_id, spawn_location_id, x, y, z, x_offset, y_offset, z_offset, heading, grid_id) values(253, 1587558, 101.866776, 1.605918, 99.810516, 0.000000, 0.000000, 0.000000, 41.515625, 3146737430);
INSERT INTO spawn_location_group (group_id, placement_id, name) SELECT IF(ISNULL(MAX(group_id))=1, 100000, MAX(group_id)+1), 1587630, 'QC036_01_AToxicCrawler1587558' FROM spawn_location_group;
insert into spawn_location_name (id, name) values(1587559, 'QueensColony_AToxicCrawler');
insert into spawn_location_entry (spawn_id, spawn_location_id, spawnpercentage) values(2530201, 1587559, 100);
insert into spawn_location_placement (zone_id, spawn_location_id, x, y, z, x_offset, y_offset, z_offset, heading, grid_id) values(253, 1587559, 100.854416, 1.609853, 98.833206, 0.000000, 0.000000, 0.000000, 50.625000, 3146737430);
INSERT INTO spawn_location_group (group_id, placement_id, name) SELECT IF(ISNULL(MAX(group_id))=1, 100000, MAX(group_id)+1), 1587631, 'QC036_01_AToxicCrawler1587559' FROM spawn_location_group;
insert ignore into spawn_location_group (group_id, placement_id) values(1044987, 1587628);
insert into spawn_location_name (id, name) values(1587560, 'QueensColony_AToxicCrawler');
insert into spawn_location_entry (spawn_id, spawn_location_id, spawnpercentage) values(2530201, 1587560, 100);
insert into spawn_location_placement (zone_id, spawn_location_id, x, y, z, x_offset, y_offset, z_offset, heading, grid_id) values(253, 1587560, 99.393532, 1.695766, 98.403275, 0.000000, 0.000000, 0.000000, 56.078125, 3146737430);
INSERT INTO spawn_location_group (group_id, placement_id, name) SELECT IF(ISNULL(MAX(group_id))=1, 100000, MAX(group_id)+1), 1587632, 'QC036_01_AToxicCrawler1587560' FROM spawn_location_group;
insert into spawn_location_name (id, name) values(1587561, 'QueensColony_AToxicCrawler');
insert into spawn_location_entry (spawn_id, spawn_location_id, spawnpercentage) values(2530201, 1587561, 100);
insert into spawn_location_placement (zone_id, spawn_location_id, x, y, z, x_offset, y_offset, z_offset, heading, grid_id) values(253, 1587561, 99.648117, 1.696367, 98.885422, 0.000000, 0.000000, 0.000000, 48.515625, 3146737430);
insert ignore into spawn_location_group (group_id, placement_id) values(1044989, 0);
