insert into spawn_location_name (id, name) values(1587542, 'a defiled grove deer');
insert into spawn_location_entry (spawn_id, spawn_location_id, spawnpercentage) values(2530200, 1587542, 100);
insert into spawn_location_placement (zone_id, spawn_location_id, x, y, z, x_offset, y_offset, z_offset, heading, grid_id) values(253, 1587542, 168.560684, 1.372749, 40.555592, 0.000000, 0.000000, 0.000000, 148.562500, 3146737430);
INSERT INTO spawn_location_group (group_id, placement_id, name) SELECT IF(ISNULL(MAX(group_id))=1, 100000, MAX(group_id)+1), 1587614, 'QC034_03_ADefiledGroveDeer1587542' FROM spawn_location_group;
insert into spawn_location_name (id, name) values(1587543, 'a defiled grove deer');
insert into spawn_location_entry (spawn_id, spawn_location_id, spawnpercentage) values(2530200, 1587543, 100);
insert into spawn_location_placement (zone_id, spawn_location_id, x, y, z, x_offset, y_offset, z_offset, heading, grid_id) values(253, 1587543, 165.821121, 1.381739, 45.753548, 0.000000, 0.000000, 0.000000, 172.875000, 3146737430);
INSERT INTO spawn_location_group (group_id, placement_id, name) SELECT IF(ISNULL(MAX(group_id))=1, 100000, MAX(group_id)+1), 1587615, 'QC034_03_ADefiledGroveDeer1587543' FROM spawn_location_group;
insert into spawn_location_name (id, name) values(1587544, 'a defiled grove deer');
insert into spawn_location_entry (spawn_id, spawn_location_id, spawnpercentage) values(2530200, 1587544, 100);
insert into spawn_location_placement (zone_id, spawn_location_id, x, y, z, x_offset, y_offset, z_offset, heading, grid_id) values(253, 1587544, 163.163391, 1.390924, 48.614601, 0.000000, 0.000000, 0.000000, 173.468750, 3146737430);
INSERT INTO spawn_location_group (group_id, placement_id, name) SELECT IF(ISNULL(MAX(group_id))=1, 100000, MAX(group_id)+1), 1587616, 'QC034_03_ADefiledGroveDeer1587544' FROM spawn_location_group;
insert ignore into spawn_location_group_associations (group_id1, group_id2) values(1044958, 1044957);
insert ignore into spawn_location_group_associations (group_id1, group_id2) values(1044959, 1044957);
insert ignore into spawn_location_group_associations (group_id1, group_id2) values(1044960, 1044957);
insert ignore into spawn_location_group_associations (group_id1, group_id2) values(1044961, 1044957);
insert into spawn_location_name (id, name) values(1587545, 'a tainted grove deer');
insert into spawn_location_entry (spawn_id, spawn_location_id, spawnpercentage) values(2530199, 1587545, 100);
insert into spawn_location_placement (zone_id, spawn_location_id, x, y, z, x_offset, y_offset, z_offset, heading, grid_id) values(253, 1587545, 184.493408, 1.316433, 31.760342, 0.000000, 0.000000, 0.000000, 126.328125, 3146737430);
INSERT INTO spawn_location_group (group_id, placement_id, name) SELECT IF(ISNULL(MAX(group_id))=1, 100000, MAX(group_id)+1), 1587617, 'QC034_04_ATaintedGroveDeer1587545' FROM spawn_location_group;
insert into spawn_location_name (id, name) values(1587546, 'a defiled grove deer');
insert into spawn_location_entry (spawn_id, spawn_location_id, spawnpercentage) values(2530200, 1587546, 100);
insert into spawn_location_placement (zone_id, spawn_location_id, x, y, z, x_offset, y_offset, z_offset, heading, grid_id) values(253, 1587546, 183.966049, 1.244465, 37.538570, 0.000000, 0.000000, 0.000000, 351.500000, 3146737430);
INSERT INTO spawn_location_group (group_id, placement_id, name) SELECT IF(ISNULL(MAX(group_id))=1, 100000, MAX(group_id)+1), 1587618, 'QC034_04_ADefiledGroveDeer1587546' FROM spawn_location_group;
