insert into spawn_location_name (id, name) values(133769498, 'QueensColony_AMorakDevourer');
insert into spawn_location_entry (spawn_id, spawn_location_id, spawnpercentage) values(2530015, 133769498, 100);
insert into spawn_location_placement (zone_id, spawn_location_id, x, y, z, x_offset, y_offset, z_offset, heading, grid_id) values(253, 133769498, 271.354462, -1.554886, -69.640800, 0.000000, 0.000000, 0.000000, 134.640625, 1246288135);
INSERT INTO spawn_location_group (group_id, placement_id, name) SELECT IF(ISNULL(MAX(group_id))=1, 100000, MAX(group_id)+1), 1587890, 'QC051_01_AMorakDevourer133769498' FROM spawn_location_group;
insert into spawn_location_name (id, name) values(133769499, 'QueensColony_AMorakDevourer');
insert into spawn_location_entry (spawn_id, spawn_location_id, spawnpercentage) values(2530015, 133769499, 100);
insert into spawn_location_placement (zone_id, spawn_location_id, x, y, z, x_offset, y_offset, z_offset, heading, grid_id) values(253, 133769499, 270.977600, -1.552970, -72.122185, 0.000000, 0.000000, 0.000000, 138.015625, 1246288135);
insert ignore into spawn_location_group (group_id, placement_id) values(1045166, 1587891);
insert into spawn_location_name (id, name) values(133769500, 'QueensColony_AMorakDevourer');
insert into spawn_location_entry (spawn_id, spawn_location_id, spawnpercentage) values(2530015, 133769500, 100);
insert into spawn_location_placement (zone_id, spawn_location_id, x, y, z, x_offset, y_offset, z_offset, heading, grid_id) values(253, 133769500, 217.038498, -0.779699, -82.715645, 0.000000, 0.000000, 0.000000, 60.828125, 1246288135);
INSERT INTO spawn_location_group (group_id, placement_id, name) SELECT IF(ISNULL(MAX(group_id))=1, 100000, MAX(group_id)+1), 1587892, 'QC052_01_AMorakDevourer133769500' FROM spawn_location_group;
insert into spawn_location_name (id, name) values(133769501, 'QueensColony_AMorakDevourer');
insert into spawn_location_entry (spawn_id, spawn_location_id, spawnpercentage) values(2530015, 133769501, 100);
insert into spawn_location_placement (zone_id, spawn_location_id, x, y, z, x_offset, y_offset, z_offset, heading, grid_id) values(253, 133769501, 214.005386, -0.768324, -83.647827, 0.000000, 0.000000, 0.000000, 52.734375, 1246288135);
insert ignore into spawn_location_group (group_id, placement_id) values(1045167, 1587893);
insert into spawn_location_name (id, name) values(133769502, 'QueensColony_AMorakDevourer');
insert into spawn_location_entry (spawn_id, spawn_location_id, spawnpercentage) values(2530015, 133769502, 100);
insert into spawn_location_placement (zone_id, spawn_location_id, x, y, z, x_offset, y_offset, z_offset, heading, grid_id) values(253, 133769502, 214.307465, -0.769548, -83.124695, 0.000000, 0.000000, 0.000000, 33.593750, 1246288135);
INSERT INTO spawn_location_group (group_id, placement_id, name) SELECT IF(ISNULL(MAX(group_id))=1, 100000, MAX(group_id)+1), 1587894, 'QC052_01_AMorakDevourer133769502' FROM spawn_location_group;
insert into spawn_location_name (id, name) values(133769503, 'QueensColony_AMorakDevourer');
insert into spawn_location_entry (spawn_id, spawn_location_id, spawnpercentage) values(2530015, 133769503, 100);
insert into spawn_location_placement (zone_id, spawn_location_id, x, y, z, x_offset, y_offset, z_offset, heading, grid_id) values(253, 133769503, 215.288376, -0.773276, -82.591141, 0.000000, 0.000000, 0.000000, 32.312500, 1246288135);
insert ignore into spawn_location_group (group_id, placement_id) values(1045168, 1587895);
insert into spawn_location_name (id, name) values(133769504, 'QueensColony_AMorakDevourer');
insert into spawn_location_entry (spawn_id, spawn_location_id, spawnpercentage) values(2530015, 133769504, 100);
insert into spawn_location_placement (zone_id, spawn_location_id, x, y, z, x_offset, y_offset, z_offset, heading, grid_id) values(253, 133769504, 214.371170, -0.770339, -80.504654, 0.000000, 0.000000, 0.000000, 56.375000, 1246288135);
